interval,spikes
12,1
13,1
14,1
15,2
16,6
17,7
18,9
19,6
20,4
21,7
22,9
23,12
24,7
25,13
26,15
27,14
28,19
29,11
30,9
31,15
32,13
33,13
34,23
35,17
36,21
37,11
38,14
39,17
40,21
41,23
42,21
43,34
44,19
45,31
46,28
47,23
48,21
49,34
50,36
51,41
52,138
53,60
54,42
55,52
56,49
57,61
58,66
59,69
60,60
61,62
62,65
63,73
64,92
65,88
66,72
67,80
68,86
69,62
70,86
71,85
72,57
73,51
74,59
75,41
76,40
77,54
78,55
79,67
80,56
81,62
82,60
83,67
84,56
85,60
86,57
87,66
88,66
89,54
90,82
91,76
92,70
93,68
94,81
95,81
96,80
97,99
98,86
99,86
100,104
101,90
102,105
103,125
104,154
105,147
106,174
107,159
108,163
109,156
110,152
111,134
112,96
113,85
114,64
115,66
116,50
117,56
118,43
119,31
120,36
121,37
122,37
123,45
124,49
125,56
126,80
127,75
128,86
129,94
130,84
131,117
132,95
133,115
134,126
135,103
136,129
137,110
138,117
139,108
140,117
141,109
142,87
143,96
144,95
145,98
146,92
147,87
148,105
149,94
150,112
151,103
152,101
153,83
154,97
155,88
156,111
157,99
158,119
159,104
160,114
161,122
162,96
163,107
164,119
165,102
166,129
167,111
168,94
169,91
170,78
171,74
172,64
173,51
174,59
175,60
176,70
177,67
178,70
179,57
180,61
181,61
182,72
183,60
184,73
185,70
186,77
187,81
188,69
189,77
190,89
191,99
192,84
193,88
194,91
195,78
196,71
197,58
198,64
199,52
200,60
201,76
202,53
203,63
204,77
205,134
206,146
207,144
208,195
209,221
210,193
211,216
212,235
213,212
214,193
215,194
216,186
217,172
218,172
219,144
220,133
221,124
222,168
223,172
224,177
225,184
226,136
227,131
228,120
229,135
230,115
231,119
232,94
233,100
234,83
235,61
236,55
237,61
238,57
239,61
240,53
241,70
242,52
243,77
244,56
245,75
246,71
247,66
248,61
249,65
250,61
251,54
252,51
253,50
254,62
255,53
256,63
257,58
258,51
259,60
260,60
261,56
262,83
263,78
264,77
265,95
266,89
267,64
268,57
269,63
270,57
271,51
272,35
273,56
274,58
275,57
276,58
277,65
278,57
279,62
280,76
281,61
282,69
283,58
284,50
285,61
286,47
287,58
288,50
289,45
290,50
291,39
292,50
293,55
294,50
295,50
296,85
297,72
298,95
299,105
300,110
301,96
302,103
303,106
304,119
305,103
306,89
307,75
308,104
309,74
310,82
311,86
312,72
313,93
314,110
315,90
316,112
317,125
318,112
319,91
320,103
321,89
322,99
323,98
324,100
325,73
326,83
327,88
328,115
329,81
330,110
331,74
332,76
333,90
334,69
335,67
336,54
337,72
338,59
339,64
340,65
341,68
342,78
343,89
344,83
345,76
346,68
347,69
348,68
349,58
350,70
351,46
352,48
353,54
354,46
355,52
356,60
357,58
358,66
359,69
360,78
361,72
362,76
363,87
364,103
365,81
366,88
367,103
368,92
369,95
370,138
371,112
372,106
373,95
374,91
375,85
376,120
377,130
378,127
379,140
380,134
381,127
382,122
383,116
384,109
385,88
386,82
387,83
388,83
389,75
390,75
391,91
392,79
393,82
394,76
395,79
396,88
397,63
398,97
399,71
400,105
401,83
402,89
403,108
404,114
405,112
406,122
407,110
408,109
409,118
410,110
411,113
412,127
413,117
414,122
415,95
416,82
417,83
418,99
419,75
420,92
421,93
422,78
423,96
424,80
425,90
426,96
427,86
428,75
429,75
430,85
431,83
432,90
433,90
434,93
435,97
436,113
437,109
438,113
439,128
440,118
441,141
442,134
443,132
444,105
445,134
446,128
447,114
448,97
449,96
450,121
451,122
452,100
453,84
454,114
455,92
456,86
457,98
458,79
459,82
460,84
461,96
462,84
463,81
464,87
465,69
466,78
467,76
468,73
469,76
470,91
471,106
472,90
473,106
474,82
475,93
476,120
477,94
478,119
479,101
480,108
481,110
482,98
483,106
484,119
485,135
486,155
487,180
488,157
489,152
490,151
491,145
492,124
493,150
494,147
495,191
496,198
497,197
498,214
499,244
500,291
501,296
502,288
503,297
504,300
505,273
506,260
507,263
508,243
509,260
510,181
511,188
512,246
513,218
514,230
515,219
516,210
517,185
518,209
519,177
520,169
521,151
522,147
523,160
524,166
525,131
526,156
527,162
528,144
529,117
530,116
531,112
532,92
533,95
534,62
535,65
536,55
537,58
538,54
539,72
540,70
541,72
542,72
543,86
544,97
545,93
546,102
547,99
548,87
549,98
550,83
551,82
552,82
553,73
554,73
555,79
556,82
557,77
558,81
559,70
560,74
561,106
562,91
563,71
564,83
565,79
566,70
567,64
568,74
569,81
570,96
571,80
572,74
573,81
574,67
575,88
576,86
577,76
578,81
579,61
580,68
581,75
582,71
583,70
584,64
585,64
586,64
587,69
588,64
589,75
590,63
591,59
592,70
593,84
594,82
595,93
596,119
597,107
598,117
599,123
600,99
601,122
602,110
603,111
604,128
605,121
606,117
607,136
608,110
609,139
610,124
611,123
612,121
613,130
614,113
615,144
616,130
617,124
618,133
619,110
620,127
621,105
622,121
623,99
624,113
625,122
626,119
627,112
628,104
629,97
630,111
631,107
632,120
633,125
634,114
635,104
636,136
637,141
638,175
639,170
640,158
641,165
642,141
643,170
644,169
645,153
646,157
647,155
648,184
649,157
650,189
651,156
652,141
653,127
654,128
655,136
656,119
657,131
658,133
659,124
660,141
661,120
662,135
663,138
664,137
665,104
666,80
667,70
668,85
669,64
670,55
671,76
672,66
673,81
674,84
675,86
676,85
677,104
678,133
679,140
680,106
681,149
682,159
683,123
684,115
685,119
686,121
687,99
688,76
689,72
690,53
691,58
692,65
693,57
694,48
695,52
696,60
697,44
698,40
699,58
700,64
701,56
702,44
703,53
704,43
705,61
706,43
707,80
708,55
709,70
710,68
711,71
712,78
713,62
714,58
715,50
716,37
717,40
718,44
719,34
720,45
721,50
722,41
723,48
724,34
725,57
726,46
727,44
728,39
729,35
730,38
731,39
732,37
733,46
734,32
735,23
736,24
737,33
738,40
739,38
740,56
741,53
742,49
743,67
744,52
745,79
746,83
747,88
748,99
749,90
750,72
751,63
752,78
753,73
754,96
755,104
756,124
757,131
758,158
759,145
760,156
761,179
762,192
763,221
764,211
765,214
766,240
767,244
768,257
769,266
770,278
771,281
772,313
773,294
774,351
775,307
776,263
777,250
778,256
779,203
780,185
781,178
782,181
783,175
784,132
785,143
786,130
787,129
788,132
789,138
790,149
791,143
792,144
793,129
794,157
795,141
796,139
797,147
798,117
799,120
800,148
801,137
802,115
803,123
804,115
805,128
806,104
807,129
808,106
809,105
810,127
811,148
812,121
813,151
814,144
815,122
816,111
817,111
818,99
819,109
820,116
821,126
822,151
823,122
824,130
825,129
826,118
827,111
828,84
829,95
830,80
831,76
832,50
833,66
834,59
835,35
836,42
837,35
838,47
839,46
840,38
841,47
842,35
843,63
844,48
845,64
846,46
847,60
848,54
849,58
850,49
851,44
852,42
853,56
854,61
855,54
856,54
857,37
858,51
859,72
860,62
861,65
862,59
863,45
864,74
865,83
866,82
867,85
868,81
869,92
870,65
871,73
872,89
873,98
874,92
875,100
876,87
877,108
878,77
879,86
880,83
881,53
882,80
883,61
884,60
885,57
886,55
887,64
888,69
889,64
890,74
891,81
892,71
893,57
894,85
895,61
896,102
897,91
898,132
899,117
900,96
901,113
902,121
903,104
904,130
905,115
906,113
907,119
908,118
909,112
910,82
911,99
912,78
913,78
914,64
915,71
916,79
917,93
918,99
919,80
920,87
921,115
922,124
923,134
924,150
925,143
926,153
927,152
928,123
929,112
930,121
931,82
932,67
933,66
934,64
935,63
936,43
937,44
938,51
939,58
940,59
941,70
942,69
943,78
944,79
945,89
946,66
947,57
948,62
949,55
950,48
951,51
952,57
953,38
954,30
955,32
956,48
957,55
958,53
959,72
960,61
961,70
962,67
963,73
964,58
965,63
966,58
967,59
968,67
969,74
970,47
971,61
972,55
973,87
974,51
975,59
976,66
977,62
978,70
979,69
980,68
981,73
982,85
983,65
984,48
985,81
986,71
987,64
988,65
989,49
990,56
991,57
992,48
993,39
994,54
995,45
996,37
997,37
998,44
999,33
1000,31
1001,35
1002,26
1003,39
1004,32
1005,37
1006,44
1007,31
1008,43
1009,37
1010,41
1011,66
1012,53
1013,75
1014,70
1015,95
1016,102
1017,83
1018,98
1019,77
1020,84
1021,57
1022,66
1023,77
1024,94
1025,94
1026,95
1027,79
1028,73
1029,65
1030,52
1031,72
1032,48
1033,68
1034,60
1035,43
1036,60
1037,61
1038,70
1039,67
1040,84
1041,53
1042,75
1043,77
1044,68
1045,74
1046,45
1047,62
1048,69
1049,67
1050,68
1051,72
1052,92
1053,82
1054,104
1055,109
1056,118
1057,124
1058,130
1059,132
1060,115
1061,114
1062,128
1063,123
1064,137
1065,120
1066,97
1067,97
1068,77
1069,81
1070,73
1071,86
1072,95
1073,102
1074,105
1075,127
1076,142
1077,148
1078,145
1079,137
1080,171
1081,126
1082,137
1083,124
1084,101
1085,109
1086,121
1087,93
1088,104
1089,85
1090,105
1091,90
1092,80
1093,68
1094,83
1095,88
1096,87
1097,77
1098,103
1099,138
1100,110
1101,106
1102,114
1103,141
1104,148
1105,130
1106,160
1107,175
1108,204
1109,193
1110,187
1111,157
1112,161
1113,180
1114,185
1115,183
1116,172
1117,165
1118,164
1119,203
1120,199
1121,225
1122,204
1123,253
1124,206
1125,220
1126,215
1127,179
1128,195
1129,195
1130,153
1131,146
1132,148
1133,146
1134,144
1135,150
1136,167
1137,129
1138,196
1139,247
1140,285
1141,320
1142,282
1143,312
1144,310
1145,279
1146,227
1147,210
1148,192
1149,227
1150,190
1151,173
1152,193
1153,187
1154,188
1155,166
1156,172
1157,158
1158,152
1159,151
1160,152
1161,155
1162,130
1163,156
1164,164
1165,160
1166,169
1167,175
1168,156
1169,164
1170,142
1171,144
1172,169
1173,179
1174,150
1175,164
1176,175
1177,190
1178,190
1179,190
1180,237
1181,235
1182,209
1183,229
1184,236
1185,219
1186,263
1187,243
1188,252
1189,252
1190,221
1191,226
1192,176
1193,192
1194,161
1195,150
1196,155
1197,157
1198,161
1199,177
1200,148
1201,138
1202,137
1203,105
1204,112
1205,146
1206,158
1207,133
1208,169
1209,158
1210,188
1211,174
1212,157
1213,169
1214,185
1215,220
1216,173
1217,165
1218,143
1219,166
1220,164
1221,145
1222,140
1223,147
1224,134
1225,149
1226,108
1227,117
1228,95
1229,85
1230,95
1231,78
1232,87
1233,69
1234,63
1235,76
1236,68
1237,59
1238,56
1239,75
1240,50
1241,42
1242,40
1243,43
1244,32
1245,43
1246,53
1247,51
1248,51
1249,60
1250,73
1251,80
1252,70
1253,72
1254,54
1255,60
1256,67
1257,66
1258,60
1259,63
1260,50
1261,64
1262,42
1263,55
1264,42
1265,46
1266,39
1267,40
1268,35
1269,34
1270,40
1271,38
1272,44
1273,56
1274,56
1275,68
1276,55
1277,46
1278,60
1279,55
1280,45
1281,73
1282,84
1283,88
1284,105
1285,108
1286,112
1287,128
1288,157
1289,198
1290,180
1291,217
1292,218
1293,218
1294,264
1295,253
1296,308
1297,300
1298,311
1299,313
1300,332
1301,329
1302,392
1303,415
1304,424
1305,414
1306,412
1307,323
1308,314
1309,259
1310,261
1311,207
1312,159
1313,146
1314,122
1315,115
1316,108
1317,88
1318,67
1319,49
1320,42
1321,49
1322,36
1323,28
1324,31
1325,38
1326,41
1327,39
1328,30
1329,42
1330,40
1331,29
1332,45
1333,42
1334,36
1335,35
1336,33
1337,36
1338,45
1339,30
1340,43
1341,41
1342,42
1343,31
1344,59
1345,61
1346,54
1347,59
1348,91
1349,72
1350,56
1351,51
1352,76
1353,75
1354,81
1355,84
1356,102
1357,134
1358,160
1359,134
1360,146
1361,138
1362,122
1363,134
1364,117
1365,120
1366,127
1367,94
1368,114
1369,100
1370,103
1371,88
1372,108
1373,86
1374,111
1375,72
1376,87
1377,57
1378,69
1379,75
1380,76
1381,69
1382,74
1383,52
1384,64
1385,55
1386,63
1387,69
1388,67
1389,76
1390,51
1391,57
1392,55
1393,59
1394,36
1395,44
1396,41
1397,29
1398,42
1399,51
1400,54
1401,58
1402,55
1403,47
1404,70
1405,54
1406,67
1407,77
1408,61
1409,58
1410,51
1411,66
1412,64
1413,62
1414,66
1415,58
1416,66
1417,52
1418,70
1419,64
1420,63
1421,82
1422,65
1423,77
1424,65
1425,72
1426,70
1427,59
1428,75
1429,99
1430,74
1431,83
1432,64
1433,82
1434,90
1435,89
1436,85
1437,82
1438,76
1439,78
1440,96
1441,74
1442,83
1443,92
1444,76
1445,84
1446,82
1447,85
1448,76
1449,72
1450,62
1451,84
1452,92
1453,89
1454,102
1455,83
1456,74
1457,79
1458,76
1459,56
1460,72
1461,50
1462,54
1463,75
1464,65
1465,103
1466,95
1467,104
1468,111
1469,111
1470,106
1471,83
1472,101
1473,96
1474,84
1475,98
1476,79
1477,99
1478,93
1479,72
1480,79
1481,74
1482,75
1483,98
1484,90
1485,86
1486,92
1487,99
1488,75
1489,81
1490,79
1491,67
1492,88
1493,90
1494,66
1495,69
1496,65
1497,77
1498,84
1499,58
1500,70
1501,70
1502,69
1503,79
1504,83
1505,71
1506,87
1507,80
1508,82
1509,103
1510,80
1511,85
1512,82
1513,84
1514,111
1515,99
1516,123
1517,146
1518,143
1519,176
1520,187
1521,237
1522,241
1523,259
1524,256
1525,251
1526,271
1527,282
1528,261
1529,260
1530,268
1531,249
1532,236
1533,252
1534,213
1535,196
1536,198
1537,192
1538,179
1539,154
1540,153
1541,148
1542,168
1543,159
1544,138
1545,160
1546,190
1547,168
1548,168
1549,169
1550,152
1551,153
1552,122
1553,150
1554,133
1555,137
1556,139
1557,122
1558,136
1559,114
1560,135
1561,136
1562,118
1563,118
1564,115
1565,112
1566,91
1567,92
1568,74
1569,71
1570,81
1571,82
1572,63
1573,51
1574,70
1575,71
1576,61
1577,65
1578,69
1579,63
1580,68
1581,58
1582,64
1583,54
1584,82
1585,73
1586,85
1587,102
1588,94
1589,117
1590,113
1591,108
1592,100
1593,131
1594,152
1595,161
1596,138
1597,145
1598,144
1599,124
1600,129
1601,162
1602,179
1603,190
1604,190
1605,161
1606,166
1607,186
1608,171
1609,167
1610,184
1611,197
1612,189
1613,218
1614,229
1615,221
1616,262
1617,284
1618,281
1619,350
1620,351
1621,311
1622,333
1623,344
1624,331
1625,373
1626,323
1627,280
1628,247
1629,253
1630,211
1631,185
1632,167
1633,135
1634,133
1635,131
1636,138
1637,157
1638,159
1639,194
1640,184
1641,136
1642,161
1643,130
1644,158
1645,153
1646,163
1647,164
1648,173
1649,175
1650,200
1651,161
1652,204
1653,238
1654,244
1655,228
1656,211
1657,199
1658,177
1659,230
1660,268
1661,266
1662,297
1663,328
1664,319
1665,336
1666,308
1667,235
1668,222
1669,208
1670,193
1671,182
1672,164
1673,173
1674,159
1675,161
1676,146
1677,153
1678,134
1679,145
1680,134
1681,139
1682,130
1683,128
1684,121
1685,98
1686,136
1687,120
1688,125
1689,108
1690,110
1691,116
1692,112
1693,96
1694,100
1695,104
1696,70
1697,82
1698,75
1699,78
1700,101
1701,82
1702,105
1703,97
1704,114
1705,112
1706,120
1707,97
1708,115
1709,98
1710,111
1711,100
1712,86
1713,101
1714,112
1715,125
1716,113
1717,159
1718,162
1719,219
1720,238
1721,215
1722,232
1723,258
1724,228
1725,211
1726,220
1727,206
1728,207
1729,215
1730,186
1731,156
1732,154
1733,99
1734,98
1735,79
1736,76
1737,92
1738,64
1739,62
1740,53
1741,61
1742,61
1743,63
1744,54
1745,63
1746,70
1747,61
1748,59
1749,62
1750,59
1751,52
1752,61
1753,65
1754,71
1755,78
1756,68
1757,79
1758,80
1759,77
1760,99
1761,91
1762,102
1763,116
1764,111
1765,108
1766,104
1767,108
1768,130
1769,130
1770,147
1771,140
1772,161
1773,145
1774,177
1775,165
1776,141
1777,155
1778,155
1779,148
1780,131
1781,164
1782,127
1783,158
1784,116
1785,146
1786,141
1787,125
1788,107
1789,105
1790,111
1791,117
1792,106
1793,127
1794,162
1795,166
1796,174
1797,164
1798,131
1799,113
1800,105
1801,90
1802,89
1803,90
1804,88
1805,69
1806,61
1807,70
1808,62
1809,71
1810,68
1811,73
1812,80
1813,91
1814,84
1815,93
1816,113
1817,112
1818,123
1819,128
1820,122
1821,110
1822,105
1823,100
1824,103
1825,106
1826,73
1827,68
1828,79
1829,60
1830,60
1831,61
1832,57
1833,58
1834,45
1835,60
1836,48
1837,61
1838,59
1839,53
1840,50
1841,45
1842,72
1843,53
1844,64
1845,68
1846,71
1847,70
1848,71
1849,89
1850,64
1851,85
1852,83
1853,80
1854,96
1855,90
1856,116
1857,105
1858,106
1859,116
1860,103
1861,123
1862,138
1863,149
1864,191
1865,226
1866,218
1867,238
1868,236
1869,254
1870,255
1871,299
1872,285
1873,244
1874,265
1875,285
1876,254
1877,290
1878,293
1879,339
1880,282
1881,343
1882,332
1883,310
1884,265
1885,240
1886,264
1887,249
1888,206
1889,186
1890,196
1891,169
1892,174
1893,172
1894,160
1895,155
1896,124
1897,141
1898,143
1899,143
1900,160
1901,137
1902,145
1903,143
1904,128
1905,119
1906,137
1907,133
1908,121
1909,109
1910,108
1911,108
1912,115
1913,102
1914,101
1915,87
1916,80
1917,81
1918,101
1919,87
1920,77
1921,71
1922,70
1923,69
1924,58
1925,72
1926,64
1927,43
1928,66
1929,43
1930,56
1931,48
1932,48
1933,52
1934,49
1935,55
1936,56
1937,48
1938,68
1939,56
1940,54
1941,62
1942,48
1943,59
1944,38
1945,40
1946,61
1947,34
1948,45
1949,63
1950,71
1951,63
1952,60
1953,67
1954,87
1955,86
1956,71
1957,60
1958,63
1959,80
1960,72
1961,64
1962,63
1963,65
1964,63
1965,80
1966,93
1967,90
1968,86
1969,70
1970,79
1971,83
1972,93
1973,68
1974,91
1975,84
1976,99
1977,94
1978,124
1979,126
1980,103
1981,110
1982,110
1983,93
1984,86
1985,74
1986,82
1987,72
1988,92
1989,67
1990,89
1991,94
1992,78
1993,103
1994,93
1995,105
1996,103
1997,121
1998,117
1999,131
2000,125
2001,126
2002,107
2003,116
2004,109
2005,94
2006,85
2007,72
2008,64
2009,62
2010,74
2011,57
2012,54
2013,58
2014,61
2015,71
2016,56
2017,57
2018,49
2019,71
2020,68
2021,89
2022,92
2023,100
2024,78
2025,90
2026,76
2027,69
2028,70
2029,78
2030,74
2031,56
2032,69
2033,71
2034,67
2035,67
2036,66
2037,90
2038,86
2039,83
2040,97
2041,91
2042,92
2043,102
2044,69
2045,66
2046,75
2047,79
2048,61
2049,57
2050,73
2051,57
2052,54
2053,57
2054,50
2055,51
2056,45
2057,57
2058,77
2059,69
2060,56
2061,59
2062,52
2063,59
2064,74
2065,85
2066,88
2067,86
2068,99
2069,113
2070,147
2071,136
2072,162
2073,150
2074,177
2075,177
2076,219
2077,236
2078,305
2079,333
2080,356
2081,359
2082,436
2083,422
2084,447
2085,445
2086,388
2087,369
2088,347
2089,359
2090,356
2091,306
2092,323
2093,357
2094,362
2095,336
2096,350
2097,273
2098,240
2099,214
2100,217
2101,210
2102,209
2103,156
2104,156
2105,140
2106,112
2107,101
2108,84
2109,95
2110,76
2111,62
2112,75
2113,73
2114,112
2115,91
2116,105
2117,97
2118,88
2119,90
2120,91
2121,77
2122,88
2123,76
2124,79
2125,71
2126,88
2127,95
2128,127
2129,116
2130,140
2131,159
2132,164
2133,217
2134,230
2135,254
2136,249
2137,228
2138,227
2139,206
2140,216
2141,206
2142,189
2143,168
2144,168
2145,147
2146,178
2147,178
2148,150
2149,135
2150,134
2151,107
2152,124
2153,101
2154,110
2155,108
2156,95
2157,107
2158,93
2159,83
2160,85
2161,78
2162,84
2163,73
2164,72
2165,75
2166,78
2167,86
2168,84
2169,72
2170,76
2171,84
2172,81
2173,95
2174,77
2175,104
2176,94
2177,97
2178,103
2179,117
2180,101
2181,106
2182,81
2183,90
2184,77
2185,87
2186,88
2187,90
2188,95
2189,92
2190,79
2191,71
2192,93
2193,67
2194,79
2195,66
2196,71
2197,72
2198,73
2199,74
2200,74
2201,89
2202,69
2203,82
2204,73
2205,78
2206,96
2207,80
2208,72
2209,60
2210,89
2211,85
2212,87
2213,93
2214,71
2215,67
2216,68
2217,83
2218,83
2219,85
2220,77
2221,91
2222,97
2223,103
2224,116
2225,86
2226,119
2227,116
2228,104
2229,107
2230,90
2231,90
2232,85
2233,79
2234,69
2235,96
2236,85
2237,103
2238,109
2239,109
2240,86
2241,91
2242,86
2243,102
2244,110
2245,95
2246,107
2247,86
2248,88
2249,73
2250,61
2251,47
2252,46
2253,45
2254,56
2255,44
2256,54
2257,51
2258,46
2259,43
2260,38
2261,41
2262,51
2263,52
2264,49
2265,52
2266,53
2267,44
2268,46
2269,53
2270,44
2271,51
2272,46
2273,29
2274,48
2275,55
2276,55
2277,52
2278,58
2279,59
2280,69
2281,63
2282,100
2283,121
2284,122
2285,120
2286,110
2287,140
2288,136
2289,91
2290,115
2291,92
2292,89
2293,81
2294,102
2295,118
2296,117
2297,129
2298,134
2299,122
2300,138
2301,134
2302,125
2303,118
2304,110
2305,113
2306,125
2307,109
2308,140
2309,112
2310,105
2311,105
2312,119
2313,95
2314,95
2315,93
2316,87
2317,82
2318,62
2319,66
2320,63
2321,64
2322,61
2323,71
2324,82
2325,80
2326,80
2327,91
2328,115
2329,117
2330,106
2331,128
2332,120
2333,130
2334,107
2335,102
2336,109
2337,120
2338,103
2339,116
2340,124
2341,117
2342,133
2343,113
2344,140
2345,139
2346,156
2347,168
2348,177
2349,159
2350,157
2351,156
2352,143
2353,135
2354,142
2355,137
2356,123
2357,153
2358,125
2359,147
2360,164
2361,151
2362,149
2363,160
2364,175
2365,206
2366,256
2367,288
2368,370
2369,385
2370,355
2371,414
2372,414
2373,417
2374,393
2375,368
2376,307
2377,273
2378,257
2379,244
2380,251
2381,226
2382,188
2383,146
2384,124
2385,124
2386,91
2387,81
2388,91
2389,77
2390,77
2391,67
2392,79
2393,80
2394,84
2395,69
2396,83
2397,75
2398,77
2399,71
2400,71
2401,54
2402,68
2403,64
2404,62
2405,69
2406,59
2407,55
2408,61
2409,64
2410,62
2411,55
2412,53
2413,50
2414,49
2415,43
2416,53
2417,42
2418,42
2419,37
2420,50
2421,37
2422,49
2423,67
2424,71
2425,65
2426,59
2427,63
2428,73
2429,58
2430,82
2431,70
2432,80
2433,84
2434,89
2435,95
2436,80
2437,70
2438,87
2439,96
2440,110
2441,118
2442,100
2443,94
2444,104
2445,129
2446,170
2447,211
2448,190
2449,175
2450,194
2451,148
2452,156
2453,143
2454,99
2455,117
2456,118
2457,132
2458,124
2459,113
2460,107
2461,114
2462,100
2463,106
2464,104
2465,115
2466,106
2467,94
2468,99
2469,97
2470,103
2471,104
2472,85
2473,92
2474,105
2475,115
2476,149
2477,145
2478,150
2479,155
2480,178
2481,191
2482,220
2483,231
2484,254
2485,256
2486,249
2487,263
2488,245
2489,257
2490,240
2491,221
2492,237
2493,212
2494,197
2495,190
2496,218
2497,219
2498,199
2499,188
2500,183
2501,152
2502,173
2503,171
2504,142
2505,187
2506,192
2507,167
2508,157
2509,166
2510,155
2511,136
2512,114
2513,119
2514,130
2515,126
2516,127
2517,101
2518,104
2519,113
2520,93
2521,110
2522,105
2523,93
2524,69
2525,73
2526,71
2527,79
2528,72
2529,80
2530,93
2531,105
2532,87
2533,92
2534,105
2535,110
2536,95
2537,63
2538,78
2539,67
2540,74
2541,88
2542,89
2543,80
2544,70
2545,89
2546,89
2547,58
2548,79
2549,64
2550,57
2551,65
2552,45
2553,48
2554,44
2555,41
2556,48
2557,51
2558,50
2559,48
2560,44
2561,34
2562,37
2563,41
2564,54
2565,40
2566,43
2567,50
2568,53
2569,54
2570,50
2571,69
2572,63
2573,65
2574,76
2575,70
2576,56
2577,51
2578,66
2579,69
2580,60
2581,49
2582,80
2583,88
2584,82
2585,76
2586,79
2587,86
2588,94
2589,86
2590,63
2591,82
2592,90
2593,88
2594,92
2595,73
2596,73
2597,80
2598,88
2599,65
2600,84
2601,88
2602,73
2603,118
2604,110
2605,155
2606,185
2607,197
2608,224
2609,210
2610,205
2611,233
2612,240
2613,266
2614,246
2615,255
2616,221
2617,218
2618,208
2619,187
2620,175
2621,187
2622,182
2623,164
2624,187
2625,155
2626,134
2627,131
2628,109
2629,93
2630,100
2631,115
2632,119
2633,120
2634,113
2635,136
2636,123
2637,130
2638,132
2639,132
2640,109
2641,93
2642,108
2643,114
2644,120
2645,147
2646,141
2647,150
2648,112
2649,132
2650,146
2651,141
2652,157
2653,173
2654,189
2655,182
2656,180
2657,193
2658,183
2659,142
2660,137
2661,183
2662,133
2663,131
2664,115
2665,112
2666,125
2667,118
2668,117
2669,108
2670,95
2671,73
2672,69
2673,59
2674,76
2675,66
2676,71
2677,62
2678,83
2679,46
2680,63
2681,49
2682,62
2683,79
2684,75
2685,59
2686,75
2687,71
2688,76
2689,88
2690,96
2691,101
2692,112
2693,96
2694,104
2695,112
2696,86
2697,90
2698,82
2699,101
2700,81
2701,98
2702,80
2703,72
2704,94
2705,86
2706,95
2707,90
2708,92
2709,111
2710,110
2711,87
2712,96
2713,83
2714,79
2715,60
2716,63
2717,51
2718,31
2719,45
2720,55
2721,37
2722,51
2723,44
2724,66
2725,51
2726,43
2727,52
2728,40
2729,34
2730,38
2731,32
2732,24
2733,23
2734,35
2735,30
2736,43
2737,48
2738,58
2739,73
2740,70
2741,79
2742,64
2743,76
2744,61
2745,58
2746,61
2747,72
2748,98
2749,112
2750,85
2751,104
2752,93
2753,87
2754,82
2755,69
2756,65
2757,79
2758,75
2759,80
2760,56
2761,52
2762,51
2763,45
2764,44
2765,52
2766,42
2767,56
2768,40
2769,49
2770,42
2771,53
2772,50
2773,40
2774,49
2775,50
2776,40
2777,54
2778,48
2779,42
2780,45
2781,50
2782,50
2783,53
2784,67
2785,51
2786,50
2787,45
2788,42
2789,61
2790,61
2791,64
2792,70
2793,75
2794,83
2795,81
2796,74
2797,88
2798,72
2799,64
2800,71
2801,75
2802,66
2803,72
2804,82
2805,62
2806,79
2807,75
2808,109
2809,98
2810,103
2811,95
2812,87
2813,111
2814,111
2815,132
2816,120
2817,109
2818,121
2819,120
2820,152
2821,166
2822,195
2823,199
2824,180
2825,189
2826,198
2827,151
2828,139
2829,153
2830,137
2831,125
2832,142
2833,130
2834,131
2835,118
2836,161
2837,149
2838,155
2839,183
2840,180
2841,219
2842,206
2843,168
2844,175
2845,162
2846,145
2847,174
2848,145
2849,124
2850,145
2851,123
2852,113
2853,128
2854,121
2855,123
2856,107
2857,100
2858,113
2859,156
2860,153
2861,144
2862,138
2863,124
2864,154
2865,141
2866,154
2867,154
2868,157
2869,160
2870,162
2871,170
2872,152
2873,129
2874,96
2875,110
2876,82
2877,89
2878,58
2879,56
2880,55
2881,52
2882,42
2883,63
2884,44
2885,61
2886,42
2887,46
2888,44
2889,40
2890,46
2891,41
2892,49
2893,56
2894,68
2895,64
2896,56
2897,61
2898,57
2899,45
2900,53
2901,55
2902,74
2903,67
2904,102
2905,116
2906,107
2907,121
2908,144
2909,177
2910,208
2911,193
2912,192
2913,183
2914,219
2915,196
2916,199
2917,218
2918,259
2919,276
2920,321
2921,290
2922,363
2923,341
2924,303
2925,328
2926,333
2927,373
2928,318
2929,327
2930,338
2931,379
2932,364
2933,378
2934,337
2935,318
2936,280
2937,313
2938,255
2939,250
2940,221
2941,221
2942,210
2943,231
2944,273
2945,314
2946,347
2947,310
2948,383
2949,397
2950,453
2951,468
2952,470
2953,468
2954,471
2955,513
2956,568
2957,657
2958,652
2959,624
2960,583
2961,530
2962,503
2963,482
2964,452
2965,452
2966,392
2967,308
2968,241
2969,240
2970,207
2971,154
2972,126
2973,128
2974,123
2975,106
2976,90
2977,101
2978,97
2979,75
2980,88
2981,85
2982,99
2983,79
2984,84
2985,76
2986,83
2987,67
2988,70
2989,72
2990,79
2991,56
2992,60
2993,51
2994,56
2995,56
2996,53
2997,54
2998,63
2999,74
3000,77
3001,64
3002,77
3003,63
3004,63
3005,53
3006,47
3007,64
3008,57
3009,61
3010,78
3011,72
3012,75
3013,65
3014,90
3015,62
3016,80
3017,91
3018,103
3019,105
3020,142
3021,113
3022,149
3023,174
3024,164
3025,159
3026,147
3027,152
3028,139
3029,113
3030,136
3031,136
3032,136
3033,138
3034,122
3035,115
3036,106
3037,97
3038,95
3039,94
3040,89
3041,102
3042,87
3043,70
3044,101
3045,84
3046,76
3047,87
3048,99
3049,116
3050,126
3051,154
3052,173
3053,200
3054,181
3055,186
3056,189
3057,211
3058,210
3059,211
3060,203
3061,196
3062,186
3063,189
3064,217
3065,216
3066,218
3067,220
3068,180
3069,183
3070,173
3071,175
3072,143
3073,124
3074,137
3075,81
3076,105
3077,86
3078,84
3079,79
3080,58
3081,60
3082,41
3083,41
3084,44
3085,37
3086,51
3087,56
3088,38
3089,51
3090,45
3091,54
3092,45
3093,73
3094,59
3095,65
3096,72
3097,74
3098,65
3099,59
3100,70
3101,67
3102,57
3103,54
3104,49
3105,50
3106,44
3107,39
3108,49
3109,44
3110,42
3111,39
3112,51
3113,38
3114,51
3115,41
3116,35
3117,60
3118,49
3119,47
3120,40
3121,62
3122,59
3123,39
3124,44
3125,46
3126,60
3127,60
3128,61
3129,73
3130,72
3131,73
3132,72
3133,76
3134,58
3135,61
3136,72
3137,71
3138,74
3139,54
3140,57
3141,61
3142,61
3143,56
3144,57
3145,65
3146,57
3147,59
3148,61
3149,96
3150,101
3151,127
3152,125
3153,123
3154,125
3155,126
3156,119
3157,124
3158,102
3159,104
3160,84
3161,95
3162,113
3163,97
3164,96
3165,92
3166,78
3167,105
3168,114
3169,80
3170,90
3171,99
3172,109
3173,84
3174,86
3175,120
3176,107
3177,117
3178,128
3179,135
3180,112
3181,135
3182,125
3183,142
3184,114
3185,142
3186,136
3187,161
3188,117
3189,116
3190,122
3191,112
3192,130
3193,129
3194,133
3195,106
3196,144
3197,126
3198,133
3199,149
3200,154
3201,146
3202,138
3203,121
3204,127
3205,123
3206,140
3207,96
3208,111
3209,99
3210,92
3211,108
3212,103
3213,117
3214,120
3215,152
3216,169
3217,138
3218,140
3219,139
3220,126
3221,140
3222,160
3223,194
3224,188
3225,219
3226,250
3227,255
3228,256
3229,301
3230,228
3231,231
3232,244
3233,199
3234,226
3235,197
3236,194
3237,188
3238,171
3239,191
3240,146
3241,140
3242,143
3243,130
3244,162
3245,123
3246,102
3247,103
3248,111
3249,94
3250,81
3251,99
3252,86
3253,81
3254,74
3255,71
3256,59
3257,58
3258,71
3259,45
3260,56
3261,49
3262,52
3263,49
3264,50
3265,50
3266,54
3267,57
3268,65
3269,51
3270,47
3271,59
3272,64
3273,67
3274,71
3275,61
3276,84
3277,66
3278,54
3279,85
3280,82
3281,73
3282,60
3283,65
3284,63
3285,87
3286,93
3287,85
3288,92
3289,83
3290,60
3291,77
3292,62
3293,72
3294,68
3295,70
3296,77
3297,71
3298,83
3299,78
3300,76
3301,78
3302,76
3303,76
3304,69
3305,69
3306,61
3307,67
3308,67
3309,85
3310,86
3311,91
3312,77
3313,65
3314,58
3315,79
3316,104
3317,117
3318,139
3319,107
3320,106
3321,89
3322,78
3323,71
3324,84
3325,94
3326,80
3327,99
3328,93
3329,94
3330,86
3331,71
3332,92
3333,87
3334,60
3335,74
3336,67
3337,65
3338,75
3339,58
3340,90
3341,125
3342,118
3343,115
3344,112
3345,100
3346,88
3347,75
3348,64
3349,68
3350,51
3351,59
3352,50
3353,64
3354,50
3355,55
3356,48
3357,64
3358,56
3359,53
3360,56
3361,50
3362,54
3363,39
3364,64
3365,68
3366,56
3367,62
3368,77
3369,84
3370,94
3371,119
3372,109
3373,121
3374,138
3375,137
3376,118
3377,105
3378,94
3379,78
3380,91
3381,86
3382,89
3383,69
3384,83
3385,82
3386,87
3387,83
3388,118
3389,96
3390,76
3391,66
3392,76
3393,81
3394,95
3395,84
3396,84
3397,72
3398,74
3399,80
3400,71
3401,67
3402,63
3403,64
3404,48
3405,65
3406,68
3407,44
3408,43
3409,53
3410,70
3411,61
3412,47
3413,48
3414,31
3415,37
3416,45
3417,37
3418,39
3419,45
3420,35
3421,44
3422,47
3423,40
3424,43
3425,47
3426,60
3427,58
3428,75
3429,67
3430,75
3431,74
3432,78
3433,80
3434,66
3435,53
3436,55
3437,76
3438,103
3439,131
3440,131
3441,146
3442,131
3443,137
3444,126
3445,121
3446,93
3447,92
3448,80
3449,63
3450,45
3451,54
3452,57
3453,46
3454,39
3455,37
3456,57
3457,44
3458,58
3459,61
3460,63
3461,73
3462,92
3463,90
3464,88
3465,79
3466,73
3467,79
3468,70
3469,69
3470,80
3471,66
3472,70
3473,73
3474,58
3475,58
3476,79
3477,76
3478,73
3479,57
3480,80
3481,68
3482,86
3483,98
3484,80
3485,87
3486,104
3487,129
3488,118
3489,103
3490,104
3491,131
3492,98
3493,92
3494,94
3495,79
3496,102
3497,91
3498,78
3499,83
3500,69
3501,95
3502,97
3503,97
3504,106
3505,107
3506,104
3507,82
3508,91
3509,90
3510,101
3511,85
3512,85
3513,76
3514,107
3515,106
3516,91
3517,94
3518,91
3519,86
3520,86
3521,92
3522,71
3523,88
3524,107
3525,93
3526,92
3527,71
3528,73
3529,51
3530,63
3531,66
3532,59
3533,59
3534,75
3535,83
3536,85
3537,94
3538,104
3539,129
3540,114
3541,122
3542,114
3543,118
3544,88
3545,103
3546,135
3547,134
3548,138
3549,106
3550,124
3551,110
3552,105
3553,100
3554,95
3555,110
3556,98
3557,80
3558,90
3559,81
3560,74
3561,79
3562,78
3563,77
3564,89
3565,70
3566,65
3567,66
3568,70
3569,66
3570,61
3571,50
3572,57
3573,57
3574,62
3575,71
3576,54
3577,51
3578,48
3579,81
3580,80
3581,68
3582,84
3583,83
3584,89
3585,100
3586,101
3587,71
3588,81
3589,74
3590,73
3591,66
3592,74
3593,81
3594,81
3595,71
3596,106
3597,85
3598,86
3599,94
3600,105
3601,109
3602,110
3603,100
3604,88
3605,71
3606,52
3607,55
3608,52
3609,65
3610,56
3611,50
3612,53
3613,55
3614,43
3615,53
3616,55
3617,42
3618,45
3619,52
3620,51
3621,37
3622,59
3623,75
3624,62
3625,67
3626,69
3627,76
3628,65
3629,84
3630,123
3631,139
3632,163
3633,219
3634,209
3635,194
3636,185
3637,207
3638,225
3639,242
3640,237
3641,256
3642,266
3643,269
3644,286
3645,271
3646,283
3647,267
3648,272
3649,208
3650,222
3651,185
3652,145
3653,151
3654,127
3655,123
3656,109
3657,123
3658,141
3659,145
3660,123
3661,163
3662,129
3663,102
3664,111
3665,120
3666,145
3667,148
3668,137
3669,153
3670,163
3671,134
3672,109
3673,108
3674,97
3675,81
3676,101
3677,87
3678,100
3679,93
3680,93
3681,92
3682,95
3683,104
3684,102
3685,101
3686,126
3687,117
3688,128
3689,156
3690,174
3691,157
3692,137
3693,148
3694,133
3695,139
3696,148
3697,141
3698,121
3699,120
3700,102
3701,112
3702,93
3703,90
3704,95
3705,103
3706,105
3707,120
3708,127
3709,150
3710,153
3711,179
3712,188
3713,169
3714,168
3715,202
3716,188
3717,216
3718,220
3719,190
3720,186
3721,158
3722,161
3723,119
3724,119
3725,147
3726,120
3727,124
3728,123
3729,116
3730,138
3731,157
3732,146
3733,208
3734,211
3735,278
3736,267
3737,306
3738,258
3739,245
3740,213
3741,215
3742,246
3743,243
3744,227
3745,245
3746,219
3747,202
3748,164
3749,162
3750,111
3751,114
3752,112
3753,74
3754,79
3755,73
3756,89
3757,69
3758,58
3759,82
3760,69
3761,75
3762,77
3763,65
3764,72
3765,51
3766,71
3767,64
3768,55
3769,49
3770,60
3771,51
3772,75
3773,53
3774,67
3775,58
3776,85
3777,71
3778,59
3779,83
3780,61
3781,68
3782,53
3783,76
3784,75
3785,85
3786,76
3787,66
3788,62
3789,101
3790,59
3791,90
3792,88
3793,99
3794,83
3795,77
3796,82
3797,87
3798,86
3799,74
3800,69
3801,71
3802,57
3803,61
3804,46
3805,46
3806,59
3807,58
3808,42
3809,50
3810,54
3811,58
3812,37
3813,38
3814,32
3815,38
3816,39
3817,29
3818,34
3819,36
3820,29
3821,28
3822,37
3823,29
3824,29
3825,41
3826,45
3827,47
3828,48
3829,42
3830,36
3831,52
3832,57
3833,34
3834,35
3835,41
3836,40
3837,54
3838,46
3839,43
3840,62
3841,55
3842,61
3843,47
3844,70
3845,58
3846,71
3847,67
3848,78
3849,59
3850,76
3851,62
3852,48
3853,52
3854,44
3855,38
3856,46
3857,42
3858,38
3859,49
3860,58
3861,72
3862,96
3863,107
3864,119
3865,122
3866,166
3867,177
3868,180
3869,201
3870,233
3871,212
3872,266
3873,237
3874,244
3875,237
3876,244
3877,252
3878,232
3879,213
3880,176
3881,149
3882,133
3883,105
3884,78
3885,70
3886,56
3887,51
3888,60
3889,37
3890,35
3891,42
3892,40
3893,42
3894,45
3895,38
3896,50
3897,48
3898,49
3899,52
3900,49
3901,63
3902,90
3903,75
3904,83
3905,100
3906,102
3907,141
3908,143
3909,146
3910,170
3911,170
3912,139
3913,168
3914,177
3915,151
3916,132
3917,146
3918,110
3919,114
3920,103
3921,111
3922,88
3923,103
3924,99
3925,89
3926,88
3927,91
3928,87
3929,81
3930,80
3931,94
3932,83
3933,83
3934,96
3935,75
3936,70
3937,70
3938,74
3939,79
3940,82
3941,80
3942,80
3943,89
3944,77
3945,72
3946,101
3947,81
3948,82
3949,84
3950,77
3951,66
3952,80
3953,89
3954,110
3955,105
3956,87
3957,77
3958,69
3959,72
3960,59
3961,57
3962,51
3963,65
3964,65
3965,58
3966,35
3967,41
3968,36
3969,40
3970,42
3971,40
3972,47
3973,39
3974,41
3975,35
3976,36
3977,30
3978,37
3979,51
3980,48
3981,42
3982,55
3983,60
3984,65
3985,41
3986,64
3987,53
3988,43
3989,57
3990,54
3991,75
3992,80
3993,66
3994,47
3995,65
3996,75
3997,88
3998,84
3999,132
4000,149
4001,176
4002,222
4003,240
4004,222
4005,265
4006,290
4007,349
4008,376
4009,395
4010,409
4011,477
4012,520
4013,522
4014,530
4015,545
4016,564
4017,572
4018,524
4019,601
4020,702
4021,770
4022,856
4023,873
4024,804
4025,746
4026,714
4027,659
4028,652
4029,739
4030,721
4031,671
4032,678
4033,663
4034,613
4035,612
4036,540
4037,507
4038,435
4039,342
4040,289
4041,324
4042,342
4043,307
4044,330
4045,337
4046,335
4047,355
4048,300
4049,277
4050,231
4051,195
4052,173
4053,132
4054,144
4055,114
4056,111
4057,104
4058,107
4059,82
4060,117
4061,109
4062,103
4063,111
4064,101
4065,104
4066,139
4067,158
4068,173
4069,146
4070,211
4071,253
4072,257
4073,266
4074,298
4075,304
4076,353
4077,327
4078,374
4079,370
4080,344
4081,282
4082,223
4083,196
4084,179
4085,175
4086,175
4087,145
4088,124
4089,96
4090,88
4091,72
4092,74
4093,65
4094,65
4095,57
4096,67
4097,53
4098,67
4099,58
4100,59
4101,52
4102,39
4103,48
4104,68
4105,52
4106,53
4107,55
4108,65
4109,73
4110,77
4111,97
4112,92
4113,84
4114,83
4115,89
4116,72
4117,98
4118,66
4119,62
4120,45
4121,53
4122,75
4123,71
4124,54
4125,57
4126,72
4127,57
4128,67
4129,70
4130,89
4131,118
4132,107
4133,91
4134,80
4135,90
4136,98
4137,84
4138,91
4139,58
4140,59
4141,62
4142,61
4143,49
4144,47
4145,53
4146,53
4147,64
4148,55
4149,58
4150,56
4151,64
4152,55
4153,55
4154,57
4155,57
4156,62
4157,55
4158,53
4159,65
4160,65
4161,60
4162,54
4163,63
4164,76
4165,71
4166,86
4167,82
4168,88
4169,86
4170,109
4171,141
4172,163
4173,205
4174,224
4175,242
4176,272
4177,282
4178,360
4179,398
4180,386
4181,369
4182,390
4183,360
4184,328
4185,340
4186,291
4187,293
4188,321
4189,302
4190,334
4191,260
4192,290
4193,349
4194,287
4195,262
4196,293
4197,247
4198,247
4199,253
4200,222
4201,178
4202,187
4203,165
4204,157
4205,164
4206,164
4207,158
4208,161
4209,145
4210,147
4211,127
4212,108
4213,101
4214,123
4215,105
4216,141
4217,105
4218,107
4219,113
4220,97
4221,82
4222,84
4223,72
4224,73
4225,77
4226,73
4227,75
4228,67
4229,67
4230,80
4231,74
4232,82
4233,87
4234,75
4235,76
4236,84
4237,62
4238,86
4239,72
4240,84
4241,80
4242,83
4243,86
4244,89
4245,89
4246,75
4247,48
4248,50
4249,67
4250,67
4251,54
4252,49
4253,57
4254,36
4255,51
4256,60
4257,44
4258,57
4259,47
4260,56
4261,60
4262,73
4263,77
4264,89
4265,78
4266,84
4267,67
4268,87
4269,78
4270,81
4271,56
4272,78
4273,102
4274,112
4275,112
4276,122
4277,133
4278,124
4279,112
4280,142
4281,118
4282,141
4283,136
4284,150
4285,168
4286,216
4287,234
4288,226
4289,255
4290,248
4291,265
4292,239
4293,238
4294,265
4295,242
4296,252
4297,253
4298,236
4299,222
4300,242
4301,234
4302,222
4303,258
4304,242
4305,262
4306,234
4307,249
4308,259
4309,246
4310,226
4311,216
4312,182
4313,231
4314,206
4315,203
4316,215
4317,254
4318,271
4319,249
4320,264
4321,245
4322,242
4323,232
4324,186
4325,162
4326,169
4327,137
4328,141
4329,135
4330,116
4331,97
4332,102
4333,103
4334,100
4335,92
4336,119
4337,126
4338,129
4339,110
4340,118
4341,106
4342,89
4343,87
4344,76
4345,72
4346,73
4347,70
4348,74
4349,72
4350,68
4351,61
4352,52
4353,53
4354,45
4355,39
4356,45
4357,48
4358,30
4359,35
4360,46
4361,41
4362,43
4363,56
4364,40
4365,48
4366,59
4367,49
4368,78
4369,68
4370,62
4371,60
4372,84
4373,68
4374,93
4375,98
4376,102
4377,115
4378,121
4379,120
4380,105
4381,133
4382,133
4383,171
4384,211
4385,220
4386,198
4387,210
4388,227
4389,195
4390,199
4391,201
4392,203
4393,181
4394,167
4395,179
4396,174
4397,194
4398,168
4399,217
4400,211
4401,201
4402,230
4403,234
4404,237
4405,264
4406,213
4407,279
4408,235
4409,232
4410,204
4411,217
4412,195
4413,141
4414,145
4415,147
4416,145
4417,150
4418,122
4419,143
4420,109
4421,92
4422,88
4423,77
4424,65
4425,67
4426,62
4427,47
4428,61
4429,77
4430,63
4431,55
4432,51
4433,50
4434,59
4435,54
4436,54
4437,50
4438,74
4439,61
4440,63
4441,60
4442,53
4443,47
4444,42
4445,59
4446,58
4447,45
4448,38
4449,57
4450,63
4451,75
4452,79
4453,94
4454,112
4455,135
4456,123
4457,116
4458,112
4459,131
4460,141
4461,101
4462,97
4463,131
4464,110
4465,92
4466,107
4467,129
4468,139
4469,148
4470,168
4471,189
4472,195
4473,186
4474,208
4475,258
4476,227
4477,294
4478,265
4479,301
4480,337
4481,286
4482,297
4483,269
4484,273
4485,293
4486,290
4487,255
4488,244
4489,224
4490,186
4491,163
4492,130
4493,127
4494,127
4495,134
4496,128
4497,113
4498,82
4499,89
4500,86
4501,82
4502,89
4503,83
4504,67
4505,83
4506,83
4507,88
4508,82
4509,86
4510,82
4511,65
4512,79
4513,69
4514,63
4515,58
4516,81
4517,74
4518,85
4519,61
4520,65
4521,59
4522,56
4523,65
4524,56
4525,51
4526,46
4527,57
4528,43
4529,46
4530,48
4531,38
4532,57
4533,53
4534,60
4535,59
4536,41
4537,54
4538,41
4539,40
4540,39
4541,35
4542,28
4543,33
4544,52
4545,31
4546,58
4547,38
4548,58
4549,47
4550,61
4551,63
4552,52
4553,70
4554,77
4555,71
4556,79
4557,82
4558,88
4559,104
4560,116
4561,105
4562,109
4563,113
4564,107
4565,94
4566,106
4567,96
4568,101
4569,97
4570,109
4571,129
4572,133
4573,97
4574,96
4575,104
4576,95
4577,67
4578,70
4579,68
4580,70
4581,77
4582,77
4583,64
4584,65
4585,64
4586,69
4587,75
4588,68
4589,65
4590,78
4591,68
4592,98
4593,70
4594,95
4595,90
4596,59
4597,80
4598,57
4599,65
4600,90
4601,73
4602,56
4603,74
4604,89
4605,110
4606,118
4607,129
4608,131
4609,156
4610,159
4611,180
4612,183
4613,189
4614,205
4615,251
4616,273
4617,298
4618,338
4619,353
4620,355
4621,361
4622,424
4623,438
4624,483
4625,522
4626,590
4627,636
4628,696
4629,728
4630,756
4631,748
4632,844
4633,883
4634,947
4635,957
4636,1078
4637,1110
4638,1118
4639,1055
4640,973
4641,918
4642,849
4643,719
4644,610
4645,504
4646,426
4647,292
4648,247
4649,253
4650,189
4651,132
4652,125
4653,113
4654,108
4655,102
4656,89
4657,81
4658,68
4659,57
4660,55
4661,64
4662,51
4663,42
4664,31
4665,41
4666,34
4667,30
4668,35
4669,44
4670,33
4671,38
4672,40
4673,42
4674,40
4675,49
4676,47
4677,57
4678,46
4679,54
4680,39
4681,50
4682,56
4683,51
4684,62
4685,50
4686,44
4687,46
4688,43
4689,46
4690,66
4691,87
4692,62
4693,71
4694,70
4695,69
4696,64
4697,88
4698,71
4699,76
4700,84
4701,93
4702,68
4703,61
4704,70
4705,63
4706,66
4707,69
4708,62
4709,54
4710,53
4711,60
4712,69
4713,72
4714,71
4715,68
4716,88
4717,88
4718,95
4719,82
4720,88
4721,87
4722,89
4723,80
4724,95
4725,86
4726,72
4727,61
4728,70
4729,58
4730,65
4731,87
4732,75
4733,79
4734,89
4735,82
4736,84
4737,74
4738,66
4739,84
4740,74
4741,65
4742,79
4743,66
4744,67
4745,61
4746,84
4747,81
4748,85
4749,73
4750,74
4751,68
4752,68
4753,63
4754,62
4755,70
4756,48
4757,58
4758,51
4759,53
4760,42
4761,54
4762,65
4763,57
4764,51
4765,51
4766,69
4767,60
4768,62
4769,49
4770,65
4771,62
4772,56
4773,65
4774,61
4775,44
4776,54
4777,45
4778,39
4779,46
4780,37
4781,44
4782,44
4783,36
4784,46
4785,40
4786,44
4787,40
4788,48
4789,48
4790,58
4791,54
4792,52
4793,55
4794,68
4795,75
4796,78
4797,68
4798,79
4799,62
4800,76
4801,87
4802,95
4803,97
4804,83
4805,80
4806,99
4807,78
4808,77
4809,61
4810,77
4811,97
4812,99
4813,127
4814,120
4815,106
4816,101
4817,120
4818,71
4819,86
4820,80
4821,44
4822,62
4823,57
4824,50
4825,41
4826,34
4827,37
4828,35
4829,55
4830,42
4831,61
4832,49
4833,63
4834,60
4835,51
4836,51
4837,45
4838,61
4839,30
4840,57
4841,51
4842,65
4843,71
4844,67
4845,66
4846,67
4847,82
4848,105
4849,105
4850,113
4851,139
4852,124
4853,152
4854,134
4855,133
4856,109
4857,113
4858,113
4859,105
4860,108
4861,95
4862,94
4863,91
4864,79
4865,97
4866,100
4867,130
4868,100
4869,114
4870,122
4871,108
4872,106
4873,88
4874,99
4875,81
4876,101
4877,87
4878,81
4879,96
4880,65
4881,79
4882,83
4883,77
4884,62
4885,79
4886,71
4887,80
4888,92
4889,105
4890,97
4891,96
4892,120
4893,146
4894,161
4895,159
4896,217
4897,195
4898,197
4899,200
4900,224
4901,216
4902,226
4903,247
4904,222
4905,187
4906,192
4907,158
4908,146
4909,141
4910,122
4911,114
4912,83
4913,76
4914,87
4915,75
4916,70
4917,92
4918,88
4919,106
4920,129
4921,98
4922,128
4923,123
4924,129
4925,115
4926,118
4927,105
4928,91
4929,98
4930,83
4931,98
4932,105
4933,111
4934,120
4935,103
4936,143
4937,149
4938,174
4939,180
4940,179
4941,146
4942,125
4943,121
4944,110
4945,110
4946,80
4947,67
4948,57
4949,59
4950,80
4951,77
4952,87
4953,83
4954,86
4955,76
4956,62
4957,56
4958,69
4959,54
4960,74
4961,90
4962,80
4963,91
4964,66
4965,64
4966,75
4967,81
4968,75
4969,93
4970,83
4971,105
4972,89
4973,69
4974,87
4975,80
4976,84
4977,71
4978,102
4979,86
4980,103
4981,78
4982,94
4983,92
4984,97
4985,92
4986,90
4987,121
4988,129
4989,110
4990,138
4991,153
4992,117
4993,145
4994,121
4995,129
4996,114
4997,128
4998,118
4999,136
5000,154
5001,137
5002,139
5003,140
5004,124
5005,147
5006,135
5007,129
5008,145
5009,124
5010,172
5011,177
5012,175
5013,186
5014,215
5015,196
5016,145
5017,158
5018,137
5019,125
5020,129
5021,129
5022,142
5023,136
5024,176
5025,173
5026,193
5027,202
5028,210
5029,282
5030,277
5031,265
5032,276
5033,293
5034,207
5035,194
5036,167
5037,136
5038,133
5039,121
5040,109
5041,79
5042,84
5043,91
5044,71
5045,78
5046,61
5047,67
5048,60
5049,49
5050,59
5051,73
5052,45
5053,79
5054,74
5055,81
5056,65
5057,84
5058,77
5059,47
5060,51
5061,54
5062,53
5063,47
5064,60
5065,84
5066,73
5067,65
5068,83
5069,71
5070,66
5071,74
5072,68
5073,66
5074,82
5075,76
5076,85
5077,93
5078,94
5079,79
5080,100
5081,86
5082,82
5083,50
5084,65
5085,68
5086,62
5087,51
5088,79
5089,73
5090,58
5091,79
5092,56
5093,69
5094,44
5095,56
5096,44
5097,41
5098,51
5099,46
5100,50
5101,41
5102,56
5103,44
5104,53
5105,48
5106,46
5107,54
5108,54
5109,54
5110,71
5111,45
5112,51
5113,54
5114,68
5115,71
5116,111
5117,86
5118,118
5119,126
5120,141
5121,132
5122,144
5123,125
5124,109
5125,99
5126,108
5127,109
5128,111
5129,102
5130,124
5131,92
5132,87
5133,108
5134,101
5135,81
5136,94
5137,88
5138,121
5139,95
5140,99
5141,80
5142,87
5143,82
5144,49
5145,59
5146,71
5147,74
5148,66
5149,69
5150,61
5151,60
5152,52
5153,42
5154,49
5155,44
5156,41
5157,35
5158,33
5159,20
5160,29
5161,19
5162,23
5163,16
5164,27
5165,28
5166,21
5167,25
5168,23
5169,33
5170,34
5171,42
5172,38
5173,53
5174,44
5175,69
5176,54
5177,53
5178,57
5179,59
5180,54
5181,59
5182,55
5183,47
5184,38
5185,38
5186,35
5187,37
5188,33
5189,31
5190,42
5191,29
5192,29
5193,38
5194,43
5195,49
5196,57
5197,55
5198,66
5199,72
5200,69
5201,73
5202,80
5203,100
5204,84
5205,97
5206,121
5207,116
5208,101
5209,106
5210,126
5211,101
5212,125
5213,109
5214,111
5215,108
5216,138
5217,105
5218,130
5219,119
5220,119
5221,120
5222,108
5223,116
5224,119
5225,107
5226,103
5227,83
5228,99
5229,94
5230,103
5231,107
5232,136
5233,184
5234,180
5235,195
5236,209
5237,191
5238,168
5239,218
5240,188
5241,173
5242,189
5243,201
5244,186
5245,194
5246,199
5247,242
5248,275
5249,285
5250,260
5251,259
5252,250
5253,230
5254,211
5255,197
5256,187
5257,203
5258,212
5259,218
5260,236
5261,247
5262,191
5263,218
5264,271
5265,330
5266,338
5267,333
5268,329
5269,325
5270,306
5271,288
5272,275
5273,249
5274,211
5275,212
5276,197
5277,178
5278,193
5279,191
5280,183
5281,174
5282,178
5283,180
5284,179
5285,174
5286,176
5287,166
5288,150
5289,149
5290,165
5291,169
5292,185
5293,182
5294,187
5295,217
5296,220
5297,206
5298,221
5299,218
5300,193
5301,174
5302,196
5303,171
5304,184
5305,175
5306,184
5307,178
5308,185
5309,155
5310,143
5311,154
5312,132
5313,133
5314,153
5315,129
5316,138
5317,139
5318,124
5319,133
5320,134
5321,133
5322,141
5323,129
5324,131
5325,137
5326,114
5327,132
5328,102
5329,99
5330,90
5331,84
5332,88
5333,82
5334,86
5335,57
5336,77
5337,70
5338,65
5339,55
5340,59
5341,68
5342,72
5343,79
5344,83
5345,81
5346,108
5347,108
5348,100
5349,116
5350,116
5351,111
5352,119
5353,133
5354,137
5355,167
5356,169
5357,169
5358,185
5359,173
5360,175
5361,172
5362,171
5363,153
5364,158
5365,158
5366,207
5367,194
5368,180
5369,239
5370,223
5371,237
5372,212
5373,257
5374,245
5375,239
5376,199
5377,219
5378,221
5379,190
5380,166
5381,173
5382,146
5383,133
5384,128
5385,120
5386,78
5387,88
5388,87
5389,80
5390,61
5391,82
5392,77
5393,73
5394,68
5395,71
5396,88
5397,83
5398,103
5399,86
5400,105
5401,104
5402,118
5403,143
5404,142
5405,149
5406,131
5407,150
5408,134
5409,123
5410,157
5411,173
5412,202
5413,214
5414,227
5415,200
5416,185
5417,174
5418,169
5419,174
5420,190
5421,189
5422,174
5423,146
5424,139
5425,149
5426,118
5427,133
5428,101
5429,130
5430,81
5431,87
5432,83
5433,92
5434,75
5435,66
5436,69
5437,63
5438,76
5439,68
5440,68
5441,74
5442,85
5443,80
5444,90
5445,102
5446,113
5447,113
5448,104
5449,101
5450,98
5451,73
5452,96
5453,91
5454,72
5455,75
5456,84
5457,75
5458,74
5459,64
5460,78
5461,74
5462,69
5463,86
5464,73
5465,93
5466,86
5467,103
5468,102
5469,108
5470,94
5471,87
5472,88
5473,76
5474,83
5475,64
5476,59
5477,69
5478,77
5479,71
5480,60
5481,53
5482,48
5483,57
5484,62
5485,64
5486,54
5487,61
5488,54
5489,44
5490,51
5491,60
5492,59
5493,83
5494,75
5495,91
5496,63
5497,90
5498,85
5499,73
5500,90
5501,71
5502,111
5503,89
5504,95
5505,85
5506,79
5507,81
5508,85
5509,85
5510,98
5511,97
5512,100
5513,99
5514,84
5515,114
5516,100
5517,107
5518,97
5519,111
5520,112
5521,111
5522,108
5523,110
5524,122
5525,103
5526,114
5527,98
5528,107
5529,108
5530,127
5531,157
5532,109
5533,108
5534,91
5535,103
5536,82
5537,66
5538,78
5539,82
5540,87
5541,77
5542,64
5543,80
5544,73
5545,73
5546,93
5547,101
5548,89
5549,85
5550,97
5551,84
5552,103
5553,86
5554,70
5555,72
5556,91
5557,82
5558,95
5559,82
5560,114
5561,127
5562,105
5563,108
5564,91
5565,118
5566,91
5567,81
5568,80
5569,93
5570,89
5571,71
5572,73
5573,70
5574,67
5575,73
5576,93
5577,77
5578,84
5579,79
5580,71
5581,73
5582,59
5583,63
5584,63
5585,59
5586,56
5587,55
5588,40
5589,49
5590,51
5591,41
5592,54
5593,51
5594,55
5595,59
5596,61
5597,56
5598,64
5599,55
5600,49
5601,61
5602,72
5603,65
5604,56
5605,75
5606,66
5607,67
5608,71
5609,83
5610,77
5611,84
5612,64
5613,92
5614,68
5615,87
5616,90
5617,86
5618,96
5619,107
5620,95
5621,99
5622,89
5623,94
5624,117
5625,102
5626,119
5627,115
5628,131
5629,151
5630,143
5631,115
5632,118
5633,118
5634,100
5635,115
5636,98
5637,107
5638,105
5639,77
5640,89
5641,86
5642,106
5643,94
5644,101
5645,98
5646,104
5647,94
5648,94
5649,73
5650,89
5651,88
5652,86
5653,82
5654,86
5655,100
5656,92
5657,99
5658,99
5659,110
5660,104
5661,96
5662,123
5663,151
5664,158
5665,186
5666,156
5667,173
5668,200
5669,186
5670,232
5671,218
5672,240
5673,258
5674,247
5675,256
5676,242
5677,287
5678,315
5679,367
5680,426
5681,402
5682,426
5683,391
5684,390
5685,375
5686,351
5687,304
5688,300
5689,275
5690,210
5691,231
5692,210
5693,223
5694,212
5695,251
5696,310
5697,379
5698,435
5699,419
5700,448
5701,453
5702,498
5703,497
5704,521
5705,529
5706,503
5707,487
5708,502
5709,475
5710,384
5711,376
5712,319
5713,309
5714,236
5715,200
5716,199
5717,155
5718,135
5719,139
5720,105
5721,102
5722,128
5723,87
5724,123
5725,126
5726,122
5727,140
5728,135
5729,159
5730,117
5731,115
5732,100
5733,125
5734,116
5735,111
5736,109
5737,95
5738,93
5739,89
5740,95
5741,103
5742,88
5743,117
5744,112
5745,117
5746,116
5747,95
5748,118
5749,88
5750,131
5751,108
5752,136
5753,131
5754,101
5755,109
5756,114
5757,74
5758,108
5759,82
5760,91
5761,100
5762,87
5763,82
5764,86
5765,106
5766,100
5767,92
5768,94
5769,83
5770,86
5771,75
5772,86
5773,82
5774,84
5775,86
5776,93
5777,62
5778,82
5779,78
5780,81
5781,72
5782,86
5783,111
5784,104
5785,88
5786,113
5787,85
5788,102
5789,91
5790,74
5791,94
5792,86
5793,103
5794,84
5795,84
5796,114
5797,116
5798,87
5799,95
5800,86
5801,87
5802,68
5803,90
5804,80
5805,58
5806,80
5807,78
5808,59
5809,54
5810,63
5811,80
5812,47
5813,52
5814,57
5815,44
5816,43
5817,55
5818,41
5819,42
5820,38
5821,36
5822,33
5823,33
5824,36
5825,40
5826,45
5827,37
5828,42
5829,54
5830,41
5831,31
5832,36
5833,36
5834,33
5835,20
5836,30
5837,27
5838,39
5839,34
5840,52
5841,50
5842,56
5843,57
5844,53
5845,34
5846,43
5847,33
5848,34
5849,33
5850,33
5851,35
5852,23
5853,26
5854,39
5855,26
5856,19
5857,35
5858,25
5859,29
5860,29
5861,34
5862,59
5863,49
5864,75
5865,82
5866,115
5867,107
5868,106
5869,97
5870,100
5871,110
5872,115
5873,120
5874,122
5875,138
5876,149
5877,118
5878,115
5879,127
5880,130
5881,132
5882,136
5883,109
5884,118
5885,147
5886,145
5887,213
5888,247
5889,269
5890,268
5891,362
5892,340
5893,365
5894,387
5895,379
5896,367
5897,387
5898,347
5899,355
5900,310
5901,316
5902,241
5903,241
5904,219
5905,189
5906,213
5907,200
5908,216
5909,235
5910,257
5911,236
5912,190
5913,224
5914,204
5915,188
5916,198
5917,224
5918,207
5919,194
5920,220
5921,227
5922,233
5923,194
5924,203
5925,202
5926,208
5927,158
5928,142
5929,113
5930,133
5931,142
5932,103
5933,120
5934,107
5935,107
5936,88
5937,66
5938,64
5939,64
5940,57
5941,61
5942,76
5943,59
5944,69
5945,49
5946,62
5947,60
5948,55
5949,44
5950,53
5951,50
5952,70
5953,65
5954,64
5955,71
5956,66
5957,64
5958,48
5959,64
5960,67
5961,65
5962,60
5963,78
5964,75
5965,73
5966,82
5967,83
5968,78
5969,83
5970,87
5971,106
5972,100
5973,124
5974,130
5975,145
5976,124
5977,119
5978,110
5979,102
5980,91
5981,99
5982,109
5983,109
5984,115
5985,117
5986,142
5987,133
5988,120
5989,131
5990,93
5991,104
5992,105
5993,95
5994,131
5995,98
5996,99
5997,102
5998,132
5999,126
6000,133
6001,115
6002,130
6003,131
6004,170
6005,175
6006,193
6007,218
6008,229
6009,243
6010,200
6011,186
6012,182
6013,156
6014,119
6015,131
6016,130
6017,149
6018,169
6019,206
6020,254
6021,327
6022,372
6023,396
6024,424
6025,437
6026,402
6027,398
6028,407
6029,427
6030,484
6031,479
6032,531
6033,444
6034,479
6035,513
6036,535
6037,496
6038,455
6039,405
6040,360
6041,360
6042,320
6043,285
6044,233
6045,199
6046,188
6047,193
6048,153
6049,169
6050,184
6051,164
6052,150
6053,130
6054,139
6055,141
6056,120
6057,103
6058,109
6059,97
6060,78
6061,62
6062,66
6063,52
6064,50
6065,58
6066,55
6067,47
6068,28
6069,39
6070,43
6071,51
6072,29
6073,37
6074,37
6075,25
6076,36
6077,29
6078,40
6079,40
6080,44
6081,54
6082,48
6083,63
6084,66
6085,61
6086,62
6087,65
6088,82
6089,73
6090,63
6091,73
6092,72
6093,71
6094,80
6095,95
6096,93
6097,72
6098,84
6099,81
6100,77
6101,82
6102,105
6103,94
6104,100
6105,104
6106,98
6107,98
6108,92
6109,133
6110,172
6111,174
6112,220
6113,197
6114,204
6115,199
6116,205
6117,212
6118,246
6119,229
6120,250
6121,250
6122,203
6123,171
6124,189
6125,165
6126,136
6127,149
6128,137
6129,135
6130,171
6131,140
6132,190
6133,205
6134,184
6135,163
6136,155
6137,180
6138,157
6139,160
6140,207
6141,171
6142,173
6143,167
6144,144
6145,138
6146,142
6147,168
6148,165
6149,198
6150,214
6151,235
6152,209
6153,187
6154,171
6155,128
6156,162
6157,149
6158,140
6159,179
6160,187
6161,192
6162,182
6163,209
6164,242
6165,275
6166,282
6167,306
6168,320
6169,317
6170,316
6171,330
6172,319
6173,300
6174,324
6175,289
6176,282
6177,294
6178,259
6179,217
6180,232
6181,198
6182,194
6183,173
6184,135
6185,141
6186,116
6187,114
6188,125
6189,93
6190,96
6191,87
6192,82
6193,78
6194,89
6195,77
6196,74
6197,95
6198,100
6199,96
6200,99
6201,99
6202,121
6203,120
6204,115
6205,128
6206,123
6207,99
6208,103
6209,89
6210,84
6211,80
6212,52
6213,72
6214,61
6215,56
6216,58
6217,65
6218,64
6219,53
6220,52
6221,51
6222,72
6223,64
6224,61
6225,47
6226,51
6227,38
6228,31
6229,37
6230,44
6231,45
6232,59
6233,52
6234,43
6235,51
6236,44
6237,38
6238,28
6239,27
6240,43
6241,57
6242,63
6243,69
6244,61
6245,70
6246,69
6247,61
6248,50
6249,63
6250,37
6251,51
6252,54
6253,76
6254,74
6255,83
6256,72
6257,81
6258,68
6259,78
6260,82
6261,84
6262,80
6263,75
6264,69
6265,54
6266,42
6267,57
6268,44
6269,54
6270,62
6271,59
6272,62
6273,59
6274,67
6275,64
6276,77
6277,66
6278,54
6279,43
6280,39
6281,36
6282,32
6283,37
6284,31
6285,65
6286,38
6287,42
6288,46
6289,40
6290,63
6291,45
6292,50
6293,59
6294,64
6295,55
6296,55
6297,37
6298,68
6299,48
6300,58
6301,68
6302,59
6303,54
6304,56
6305,51
6306,55
6307,40
6308,45
6309,56
6310,38
6311,43
6312,44
6313,44
6314,40
6315,58
6316,51
6317,53
6318,62
6319,46
6320,72
6321,72
6322,76
6323,63
6324,81
6325,75
6326,109
6327,95
6328,101
6329,95
6330,94
6331,92
6332,111
6333,113
6334,136
6335,146
6336,157
6337,154
6338,151
6339,135
6340,146
6341,141
6342,138
6343,166
6344,159
6345,136
6346,127
6347,132
6348,132
6349,131
6350,128
6351,137
6352,131
6353,115
6354,108
6355,125
6356,130
6357,126
6358,139
6359,179
6360,192
6361,196
6362,202
6363,182
6364,176
6365,180
6366,187
6367,177
6368,238
6369,213
6370,277
6371,309
6372,324
6373,318
6374,308
6375,300
6376,297
6377,242
6378,251
6379,217
6380,205
6381,200
6382,187
6383,165
6384,143
6385,136
6386,126
6387,132
6388,116
6389,114
6390,134
6391,147
6392,133
6393,141
6394,153
6395,167
6396,190
6397,174
6398,171
6399,176
6400,185
6401,188
6402,202
6403,204
6404,206
6405,225
6406,225
6407,259
6408,255
6409,294
6410,311
6411,346
6412,300
6413,281
6414,252
6415,243
6416,250
6417,245
6418,251
6419,206
6420,170
6421,172
6422,134
6423,144
6424,105
6425,91
6426,91
6427,109
6428,95
6429,88
6430,89
6431,91
6432,97
6433,119
6434,118
6435,135
6436,113
6437,102
6438,132
6439,129
6440,134
6441,130
6442,142
6443,120
6444,144
6445,128
6446,141
6447,142
6448,152
6449,167
6450,177
6451,177
6452,180
6453,163
6454,146
6455,141
6456,130
6457,142
6458,165
6459,156
6460,145
6461,169
6462,167
6463,195
6464,191
6465,186
6466,223
6467,218
6468,278
6469,314
6470,330
6471,327
6472,332
6473,319
6474,324
6475,344
6476,354
6477,310
6478,298
6479,255
6480,252
6481,211
6482,205
6483,184
6484,163
6485,166
6486,139
6487,140
6488,131
6489,123
6490,118
6491,98
6492,109
6493,87
6494,91
6495,80
6496,89
6497,56
6498,74
6499,62
6500,79
6501,72
6502,64
6503,58
6504,47
6505,45
6506,61
6507,56
6508,64
6509,54
6510,62
6511,60
6512,61
6513,74
6514,61
6515,78
6516,83
6517,96
6518,88
6519,101
6520,103
6521,149
6522,110
6523,125
6524,92
6525,74
6526,89
6527,72
6528,84
6529,78
6530,72
6531,77
6532,62
6533,61
6534,85
6535,84
6536,95
6537,87
6538,83
6539,73
6540,65
6541,61
6542,67
6543,66
6544,56
6545,63
6546,64
6547,55
6548,57
6549,50
6550,69
6551,78
6552,69
6553,90
6554,80
6555,71
6556,75
6557,100
6558,115
6559,97
6560,83
6561,90
6562,67
6563,52
6564,69
6565,64
6566,40
6567,51
6568,55
6569,51
6570,58
6571,47
6572,54
6573,42
6574,42
6575,33
6576,35
6577,52
6578,48
6579,42
6580,40
6581,45
6582,37
6583,35
6584,33
6585,41
6586,43
6587,38
6588,44
6589,39
6590,38
6591,46
6592,45
6593,53
6594,56
6595,43
6596,80
6597,74
6598,65
6599,58
6600,73
6601,63
6602,52
6603,73
6604,62
6605,62
6606,76
6607,73
6608,112
6609,99
6610,106
6611,107
6612,112
6613,96
6614,91
6615,87
6616,100
6617,87
6618,106
6619,103
6620,120
6621,106
6622,105
6623,89
6624,82
6625,76
6626,93
6627,102
6628,109
6629,138
6630,160
6631,173
6632,116
6633,129
6634,102
6635,82
6636,79
6637,70
6638,86
6639,86
6640,74
6641,80
6642,76
6643,82
6644,66
6645,92
6646,85
6647,74
6648,83
6649,73
6650,70
6651,54
6652,84
6653,64
6654,83
6655,99
6656,111
6657,117
6658,122
6659,122
6660,116
6661,108
6662,89
6663,78
6664,62
6665,78
6666,59
6667,68
6668,65
6669,62
6670,55
6671,64
6672,63
6673,59
6674,59
6675,70
6676,61
6677,68
6678,67
6679,77
6680,83
6681,78
6682,97
6683,96
6684,92
6685,111
6686,102
6687,107
6688,129
6689,84
6690,88
6691,112
6692,117
6693,106
6694,101
6695,104
6696,122
6697,96
6698,116
6699,119
6700,95
6701,98
6702,91
6703,114
6704,100
6705,84
6706,120
6707,137
6708,154
6709,153
6710,153
6711,208
6712,228
6713,206
6714,205
6715,225
6716,201
6717,167
6718,144
6719,136
6720,85
6721,78
6722,112
6723,97
6724,117
6725,115
6726,132
6727,107
6728,113
6729,104
6730,85
6731,92
6732,98
6733,104
6734,106
6735,105
6736,115
6737,100
6738,95
6739,94
6740,91
6741,84
6742,100
6743,85
6744,81
6745,50
6746,60
6747,57
6748,49
6749,48
6750,64
6751,61
6752,54
6753,56
6754,52
6755,56
6756,58
6757,67
6758,58
6759,50
6760,66
6761,56
6762,67
6763,69
6764,73
6765,75
6766,49
6767,54
6768,55
6769,61
6770,60
6771,68
6772,60
6773,73
6774,65
6775,51
6776,61
6777,63
6778,60
6779,63
6780,62
6781,66
6782,69
6783,62
6784,68
6785,71
6786,64
6787,68
6788,48
6789,67
6790,65
6791,61
6792,63
6793,59
6794,62
6795,74
6796,59
6797,63
6798,57
6799,60
6800,66
6801,77
6802,70
6803,71
6804,72
6805,60
6806,82
6807,77
6808,76
6809,75
6810,83
6811,71
6812,54
6813,59
6814,62
6815,58
6816,54
6817,56
6818,56
6819,57
6820,56
6821,51
6822,71
6823,66
6824,81
6825,72
6826,79
6827,77
6828,56
6829,66
6830,68
6831,66
6832,45
6833,30
6834,54
6835,49
6836,63
6837,47
6838,61
6839,67
6840,58
6841,75
6842,76
6843,81
6844,91
6845,108
6846,105
6847,121
6848,114
6849,124
6850,105
6851,93
6852,96
6853,101
6854,103
6855,120
6856,128
6857,116
6858,115
6859,114
6860,102
6861,121
6862,121
6863,116
6864,98
6865,88
6866,84
6867,97
6868,107
6869,122
6870,111
6871,124
6872,128
6873,138
6874,108
6875,142
6876,199
6877,221
6878,253
6879,256
6880,261
6881,269
6882,241
6883,229
6884,235
6885,209
6886,197
6887,173
6888,173
6889,143
6890,138
6891,119
6892,105
6893,109
6894,102
6895,87
6896,75
6897,101
6898,82
6899,98
6900,103
6901,115
6902,119
6903,117
6904,125
6905,126
6906,109
6907,100
6908,63
6909,84
6910,81
6911,101
6912,81
6913,72
6914,95
6915,76
6916,58
6917,63
6918,57
6919,73
6920,59
6921,63
6922,88
6923,80
6924,90
6925,93
6926,72
6927,67
6928,81
6929,64
6930,58
6931,84
6932,71
6933,57
6934,64
6935,63
6936,48
6937,49
6938,56
6939,44
6940,57
6941,33
6942,40
6943,49
6944,42
6945,68
6946,66
6947,85
6948,91
6949,108
6950,88
6951,99
6952,78
6953,111
6954,96
6955,102
6956,108
6957,117
6958,104
6959,104
6960,122
6961,122
6962,141
6963,141
6964,123
6965,146
6966,141
6967,148
6968,176
6969,170
6970,188
6971,199
6972,204
6973,171
6974,162
6975,173
6976,177
6977,161
6978,216
6979,192
6980,240
6981,231
6982,220
6983,188
6984,203
6985,232
6986,249
6987,304
6988,362
6989,474
6990,509
6991,534
6992,564
6993,598
6994,615
6995,632
6996,623
6997,639
6998,622
6999,597
7000,582
7001,526
7002,503
7003,455
7004,377
7005,358
7006,356
7007,334
7008,371
7009,353
7010,273
7011,263
7012,174
7013,183
7014,152
7015,144
7016,143
7017,173
7018,136
7019,131
7020,145
7021,122
7022,155
7023,135
7024,133
7025,98
7026,108
7027,85
7028,95
7029,98
7030,85
7031,73
7032,68
7033,80
7034,59
7035,71
7036,64
7037,75
7038,69
7039,71
7040,85
7041,86
7042,79
7043,75
7044,95
7045,77
7046,66
7047,76
7048,64
7049,59
7050,77
7051,79
7052,88
7053,108
7054,109
7055,101
7056,115
7057,103
7058,126
7059,136
7060,143
7061,143
7062,150
7063,159
7064,143
7065,138
7066,140
7067,141
7068,141
7069,130
7070,140
7071,118
7072,130
7073,119
7074,120
7075,106
7076,113
7077,91
7078,86
7079,101
7080,93
7081,70
7082,88
7083,67
7084,71
7085,65
7086,68
7087,69
7088,91
7089,104
7090,79
7091,89
7092,85
7093,89
7094,83
7095,107
7096,97
7097,100
7098,113
7099,95
7100,81
7101,89
7102,55
7103,59
7104,67
7105,70
7106,63
7107,61
7108,68
7109,65
7110,62
7111,71
7112,77
7113,71
7114,82
7115,63
7116,77
7117,71
7118,74
7119,86
7120,66
7121,68
7122,96
7123,92
7124,81
7125,78
7126,83
7127,98
7128,90
7129,105
7130,120
7131,91
7132,121
7133,157
7134,194
7135,245
7136,261
7137,268
7138,251
7139,249
7140,299
7141,332
7142,376
7143,377
7144,366
7145,358
7146,306
7147,253
7148,235
7149,193
7150,195
7151,188
7152,177
7153,138
7154,124
7155,102
7156,138
7157,119
7158,172
7159,125
7160,169
7161,155
7162,175
7163,183
7164,187
7165,188
7166,162
7167,139
7168,179
7169,156
7170,185
7171,146
7172,158
7173,134
7174,112
7175,129
7176,100
7177,103
7178,110
7179,101
7180,78
7181,63
7182,65
7183,84
7184,63
7185,80
7186,79
7187,100
7188,122
7189,95
7190,132
7191,124
7192,131
7193,120
7194,111
7195,137
7196,163
7197,181
7198,167
7199,158
7200,156
7201,171
7202,139
7203,142
7204,139
7205,145
7206,168
7207,149
7208,133
7209,135
7210,125
7211,126
7212,116
7213,133
7214,101
7215,102
7216,107
7217,107
7218,95
7219,80
7220,100
7221,108
7222,79
7223,87
7224,74
7225,77
7226,66
7227,78
7228,84
7229,81
7230,97
7231,116
7232,86
7233,104
7234,92
7235,99
7236,91
7237,89
7238,84
7239,86
7240,101
7241,105
7242,96
7243,119
7244,117
7245,86
7246,91
7247,104
7248,95
7249,89
7250,95
7251,98
7252,82
7253,93
7254,91
7255,76
7256,87
7257,81
7258,97
7259,97
7260,84
7261,97
7262,109
7263,94
7264,97
7265,115
7266,104
7267,105
7268,90
7269,87
7270,93
7271,75
7272,97
7273,90
7274,106
7275,100
7276,76
7277,75
7278,82
7279,66
7280,70
7281,65
7282,54
7283,49
7284,68
7285,66
7286,61
7287,63
7288,65
7289,67
7290,52
7291,75
7292,72
7293,87
7294,68
7295,74
7296,63
7297,54
7298,61
7299,51
7300,60
7301,69
7302,60
7303,76
7304,56
7305,83
7306,67
7307,57
7308,53
7309,55
7310,48
7311,56
7312,48
7313,58
7314,68
7315,74
7316,78
7317,74
7318,69
7319,54
7320,49
7321,54
7322,72
7323,61
7324,72
7325,126
7326,132
7327,125
7328,132
7329,108
7330,113
7331,111
7332,120
7333,107
7334,121
7335,104
7336,143
7337,161
7338,154
7339,195
7340,220
7341,196
7342,189
7343,202
7344,210
7345,191
7346,223
7347,216
7348,209
7349,184
7350,193
7351,182
7352,181
7353,148
7354,152
7355,171
7356,142
7357,153
7358,164
7359,169
7360,139
7361,151
7362,135
7363,130
7364,122
7365,145
7366,141
7367,112
7368,145
7369,128
7370,125
7371,131
7372,127
7373,124
7374,103
7375,112
7376,86
7377,93
7378,85
7379,99
7380,67
7381,62
7382,70
7383,72
7384,54
7385,46
7386,50
7387,31
7388,54
7389,49
7390,56
7391,54
7392,55
7393,77
7394,67
7395,100
7396,70
7397,67
7398,73
7399,74
7400,79
7401,75
7402,57
7403,50
7404,63
7405,66
7406,55
7407,58
7408,45
7409,49
7410,61
7411,51
7412,40
7413,39
7414,50
7415,47
7416,42
7417,45
7418,50
7419,50
7420,54
7421,55
7422,54
7423,58
7424,73
7425,72
7426,86
7427,75
7428,76
7429,76
7430,93
7431,65
7432,82
7433,91
7434,109
7435,96
7436,110
7437,146
7438,135
7439,118
7440,127
7441,101
7442,121
7443,113
7444,118
7445,88
7446,92
7447,91
7448,83
7449,90
7450,114
7451,95
7452,118
7453,116
7454,103
7455,83
7456,85
7457,75
7458,86
7459,93
7460,77
7461,83
7462,75
7463,71
7464,97
7465,109
7466,97
7467,120
7468,131
7469,115
7470,132
7471,143
7472,148
7473,130
7474,165
7475,178
7476,156
7477,191
7478,229
7479,234
7480,270
7481,269
7482,252
7483,274
7484,298
7485,287
7486,253
7487,212
7488,234
7489,212
7490,226
7491,213
7492,218
7493,213
7494,232
7495,232
7496,214
7497,268
7498,223
7499,212
7500,179
7501,239
7502,272
7503,309
7504,341
7505,343
7506,397
7507,417
7508,370
7509,406
7510,423
7511,393
7512,425
7513,493
7514,479
7515,420
7516,408
7517,408
7518,377
7519,387
7520,377
7521,297
7522,315
7523,263
7524,323
7525,254
7526,235
7527,212
7528,195
7529,150
7530,152
7531,116
7532,116
7533,92
7534,117
7535,114
7536,103
7537,87
7538,98
7539,92
7540,90
7541,102
7542,94
7543,85
7544,113
7545,120
7546,113
7547,132
7548,115
7549,118
7550,106
7551,96
7552,92
7553,99
7554,81
7555,70
7556,68
7557,75
7558,71
7559,61
7560,59
7561,65
7562,59
7563,70
7564,74
7565,55
7566,67
7567,68
7568,56
7569,60
7570,57
7571,82
7572,59
7573,69
7574,84
7575,96
7576,102
7577,117
7578,124
7579,156
7580,138
7581,135
7582,117
7583,127
7584,130
7585,143
7586,133
7587,120
7588,120
7589,114
7590,98
7591,118
7592,133
7593,121
7594,133
7595,145
7596,161
7597,136
7598,140
7599,108
7600,122
7601,113
7602,123
7603,151
7604,185
7605,219
7606,200
7607,264
7608,300
7609,320
7610,331
7611,367
7612,348
7613,282
7614,281
7615,268
7616,278
7617,298
7618,284
7619,280
7620,246
7621,218
7622,154
7623,123
7624,115
7625,99
7626,83
7627,77
7628,69
7629,78
7630,65
7631,81
7632,59
7633,53
7634,56
7635,52
7636,61
7637,70
7638,59
7639,72
7640,63
7641,66
7642,55
7643,50
7644,54
7645,63
7646,52
7647,65
7648,68
7649,79
7650,65
7651,62
7652,64
7653,73
7654,77
7655,80
7656,84
7657,62
7658,102
7659,105
7660,99
7661,87
7662,107
7663,113
7664,128
7665,124
7666,110
7667,103
7668,119
7669,122
7670,133
7671,156
7672,149
7673,134
7674,142
7675,184
7676,182
7677,176
7678,184
7679,202
7680,191
7681,174
7682,149
7683,176
7684,169
7685,157
7686,154
7687,157
7688,153
7689,110
7690,132
7691,147
7692,130
7693,143
7694,149
7695,126
7696,168
7697,153
7698,174
7699,144
7700,175
7701,178
7702,206
7703,213
7704,202
7705,187
7706,202
7707,197
7708,180
7709,154
7710,146
7711,105
7712,102
7713,106
7714,96
7715,108
7716,117
7717,151
7718,164
7719,166
7720,198
7721,195
7722,177
7723,165
7724,178
7725,152
7726,148
7727,171
7728,131
7729,154
7730,149
7731,128
7732,128
7733,118
7734,92
7735,103
7736,90
7737,92
7738,95
7739,92
7740,95
7741,101
7742,126
7743,119
7744,160
7745,151
7746,151
7747,196
7748,191
7749,175
7750,187
7751,217
7752,223
7753,229
7754,204
7755,182
7756,136
7757,142
7758,139
7759,128
7760,138
7761,118
7762,117
7763,125
7764,110
7765,141
7766,118
7767,91
7768,96
7769,83
7770,72
7771,92
7772,100
7773,79
7774,93
7775,83
7776,77
7777,84
7778,95
7779,84
7780,77
7781,80
7782,69
7783,86
7784,75
7785,64
7786,79
7787,73
7788,72
7789,84
7790,59
7791,81
7792,81
7793,97
7794,66
7795,64
7796,66
7797,64
7798,56
7799,40
7800,56
7801,47
7802,39
7803,56
7804,66
7805,62
7806,69
7807,104
7808,100
7809,107
7810,107
7811,108
7812,121
7813,115
7814,126
7815,134
7816,132
7817,182
7818,204
7819,196
7820,218
7821,262
7822,271
7823,294
7824,336
7825,308
7826,355
7827,329
7828,331
7829,293
7830,276
7831,279
7832,253
7833,280
7834,235
7835,261
7836,242
7837,268
7838,315
7839,337
7840,342
7841,389
7842,361
7843,387
7844,350
7845,386
7846,390
7847,438
7848,422
7849,430
7850,414
7851,404
7852,353
7853,281
7854,311
7855,337
7856,283
7857,309
7858,318
7859,331
7860,287
7861,269
7862,249
7863,205
7864,213
7865,249
7866,277
7867,323
7868,350
7869,386
7870,411
7871,393
7872,400
7873,388
7874,366
7875,386
7876,459
7877,510
7878,573
7879,535
7880,530
7881,489
7882,519
7883,511
7884,501
7885,548
7886,439
7887,420
7888,370
7889,325
7890,328
7891,252
7892,264
7893,226
7894,171
7895,161
7896,141
7897,125
7898,133
7899,127
7900,118
7901,120
7902,105
7903,89
7904,103
7905,72
7906,70
7907,73
7908,68
7909,68
7910,71
7911,80
7912,63
7913,53
7914,79
7915,96
7916,68
7917,77
7918,92
7919,99
7920,112
7921,95
7922,122
7923,150
7924,201
7925,220
7926,240
7927,287
7928,331
7929,357
7930,357
7931,391
7932,354
7933,312
7934,331
7935,289
7936,256
7937,259
7938,228
7939,248
7940,206
7941,173
7942,166
7943,154
7944,129
7945,109
7946,102
7947,79
7948,91
7949,88
7950,81
7951,69
7952,70
7953,68
7954,61
7955,71
7956,58
7957,41
7958,60
7959,36
7960,54
7961,50
7962,42
7963,61
7964,53
7965,51
7966,54
7967,44
7968,48
7969,47
7970,39
7971,50
7972,49
7973,46
7974,73
7975,58
7976,69
7977,64
7978,52
7979,48
7980,40
7981,44
7982,43
7983,51
7984,51
7985,37
7986,34
7987,47
7988,44
7989,35
7990,51
7991,54
7992,54
7993,62
7994,68
7995,53
7996,59
7997,63
7998,57
7999,63
8000,45
8001,60
8002,64
8003,71
8004,58
8005,54
8006,70
8007,76
8008,72
8009,79
8010,77
8011,91
8012,71
8013,110
8014,100
8015,127
8016,121
8017,134
8018,170
8019,164
8020,165
8021,145
8022,187
8023,130
8024,168
8025,143
8026,162
8027,171
8028,176
8029,164
8030,185
8031,159
8032,115
8033,98
8034,108
8035,94
8036,108
8037,98
8038,95
8039,96
8040,64
8041,90
8042,92
8043,94
8044,91
8045,98
8046,96
8047,92
8048,78
8049,61
8050,86
8051,93
8052,100
8053,136
8054,132
8055,149
8056,166
8057,208
8058,221
8059,213
8060,250
8061,220
8062,165
8063,183
8064,163
8065,173
8066,181
8067,222
8068,213
8069,217
8070,202
8071,209
8072,174
8073,179
8074,148
8075,133
8076,112
8077,131
8078,123
8079,110
8080,112
8081,106
8082,101
8083,80
8084,93
8085,99
8086,83
8087,91
8088,95
8089,64
8090,94
8091,77
8092,78
8093,80
8094,89
8095,89
8096,103
8097,112
8098,94
8099,128
8100,132
8101,117
8102,126
8103,112
8104,103
8105,86
8106,97
8107,99
8108,88
8109,67
8110,68
8111,61
8112,63
8113,54
8114,61
8115,68
8116,63
8117,42
8118,68
8119,66
8120,68
8121,63
8122,63
8123,64
8124,71
8125,77
8126,77
8127,87
8128,90
8129,63
8130,84
8131,85
8132,72
8133,89
8134,81
8135,111
8136,107
8137,79
8138,68
8139,89
8140,88
8141,74
8142,86
8143,101
8144,88
8145,95
8146,105
8147,106
8148,99
8149,113
8150,125
8151,96
8152,94
8153,98
8154,98
8155,82
8156,97
8157,91
8158,81
8159,92
8160,101
8161,159
8162,135
8163,154
8164,146
8165,148
8166,164
8167,135
8168,133
8169,123
8170,110
8171,90
8172,95
8173,81
8174,89
8175,95
8176,73
8177,71
8178,87
8179,78
8180,91
8181,103
8182,99
8183,86
8184,80
8185,79
8186,76
8187,94
8188,65
8189,78
8190,58
8191,77
8192,73
8193,87
8194,82
8195,113
8196,92
8197,111
8198,148
8199,141
8200,152
8201,125
8202,133
8203,176
8204,137
8205,155
8206,140
8207,148
8208,129
8209,150
8210,145
8211,128
8212,109
8213,122
8214,110
8215,96
8216,87
8217,78
8218,77
8219,58
8220,68
8221,74
8222,64
8223,71
8224,73
8225,76
8226,89
8227,88
8228,102
8229,89
8230,77
8231,71
8232,66
8233,67
8234,73
8235,55
8236,50
8237,43
8238,58
8239,58
8240,58
8241,44
8242,47
8243,62
8244,67
8245,62
8246,86
8247,63
8248,73
8249,60
8250,62
8251,56
8252,62
8253,50
8254,37
8255,53
8256,50
8257,46
8258,44
8259,34
8260,63
8261,52
8262,54
8263,60
8264,72
8265,77
8266,76
8267,68
8268,88
8269,78
8270,76
8271,65
8272,74
8273,43
8274,51
8275,57
8276,45
8277,53
8278,38
8279,44
8280,47
8281,41
8282,56
8283,68
8284,66
8285,49
8286,58
8287,49
8288,58
8289,62
8290,67
8291,60
8292,56
8293,66
8294,70
8295,66
8296,45
8297,71
8298,61
8299,73
8300,84
8301,78
8302,66
8303,62
8304,63
8305,71
8306,70
8307,65
8308,73
8309,73
8310,71
8311,79
8312,94
8313,114
8314,147
8315,167
8316,168
8317,168
8318,171
8319,188
8320,164
8321,145
8322,140
8323,152
8324,140
8325,130
8326,130
8327,116
8328,116
8329,91
8330,82
8331,77
8332,85
8333,118
8334,81
8335,116
8336,124
8337,108
8338,131
8339,120
8340,132
8341,142
8342,148
8343,148
8344,176
8345,166
8346,171
8347,173
8348,227
8349,244
8350,251
8351,263
8352,310
8353,277
8354,251
8355,233
8356,177
8357,181
8358,171
8359,166
8360,173
8361,158
8362,174
8363,215
8364,226
8365,258
8366,271
8367,311
8368,373
8369,486
8370,588
8371,688
8372,759
8373,754
8374,792
8375,808
8376,779
8377,741
8378,757
8379,740
8380,678
8381,682
8382,603
8383,566
8384,496
8385,464
8386,355
8387,336
8388,309
8389,298
8390,279
8391,277
8392,288
8393,271
8394,303
8395,245
8396,238
8397,217
8398,239
8399,229
8400,206
8401,167
8402,213
8403,203
8404,152
8405,147
8406,137
8407,140
8408,135
8409,124
8410,140
8411,131
8412,153
8413,141
8414,169
8415,175
8416,193
8417,180
8418,193
8419,166
8420,157
8421,190
8422,160
8423,165
8424,154
8425,146
8426,173
8427,150
8428,122
8429,94
8430,91
8431,79
8432,78
8433,84
8434,69
8435,56
8436,61
8437,59
8438,45
8439,53
8440,53
8441,54
8442,47
8443,70
8444,44
8445,61
8446,60
8447,53
8448,53
8449,53
8450,53
8451,43
8452,42
8453,43
8454,34
8455,38
8456,45
8457,58
8458,55
8459,55
8460,52
8461,45
8462,55
8463,51
8464,46
8465,33
8466,60
8467,49
8468,48
8469,52
8470,57
8471,60
8472,56
8473,67
8474,57
8475,46
8476,61
8477,60
8478,72
8479,91
8480,109
8481,110
8482,116
8483,98
8484,121
8485,130
8486,93
8487,131
8488,122
8489,134
8490,117
8491,128
8492,173
8493,170
8494,160
8495,202
8496,188
8497,182
8498,205
8499,199
8500,248
8501,263
8502,256
8503,222
8504,254
8505,219
8506,215
8507,234
8508,221
8509,240
8510,233
8511,200
8512,210
8513,190
8514,178
8515,163
8516,159
8517,160
8518,158
8519,187
8520,149
8521,146
8522,140
8523,165
8524,149
8525,143
8526,127
8527,126
8528,125
8529,111
8530,91
8531,79
8532,81
8533,63
8534,76
8535,76
8536,76
8537,69
8538,79
8539,80
8540,76
8541,82
8542,68
8543,99
8544,87
8545,101
8546,119
8547,122
8548,141
8549,131
8550,139
8551,132
8552,105
8553,139
8554,147
8555,158
8556,183
8557,175
8558,196
8559,211
8560,219
8561,216
8562,204
8563,223
8564,255
8565,207
8566,204
8567,231
8568,207
8569,231
8570,251
8571,259
8572,266
8573,261
8574,233
8575,211
8576,234
8577,224
8578,283
8579,318
8580,376
8581,331
8582,400
8583,394
8584,375
8585,378
8586,350
8587,287
8588,294
8589,272
8590,253
8591,226
8592,200
8593,180
8594,172
8595,162
8596,166
8597,192
8598,175
8599,164
8600,168
8601,153
8602,149
8603,146
8604,142
8605,169
8606,166
8607,188
8608,190
8609,216
8610,204
8611,168
8612,221
8613,234
8614,227
8615,209
8616,193
8617,242
8618,248
8619,271
8620,302
8621,275
8622,261
8623,245
8624,260
8625,201
8626,227
8627,160
8628,177
8629,170
8630,134
8631,136
8632,131
8633,123
8634,125
8635,144
8636,125
8637,109
8638,106
8639,101
8640,118
8641,113
8642,108
8643,107
8644,81
8645,98
8646,82
8647,70
8648,80
8649,80
8650,88
8651,69
8652,69
8653,74
8654,73
8655,69
8656,60
8657,57
8658,64
8659,73
8660,75
8661,73
8662,64
8663,76
8664,61
8665,68
8666,64
8667,58
8668,64
8669,76
8670,70
8671,68
8672,79
8673,87
8674,80
8675,98
8676,90
8677,87
8678,96
8679,98
8680,80
8681,94
8682,111
8683,113
8684,85
8685,110
8686,125
8687,127
8688,130
8689,144
8690,134
8691,126
8692,145
8693,132
8694,114
8695,112
8696,77
8697,94
8698,99
8699,95
8700,85
8701,77
8702,67
8703,73
8704,82
8705,63
8706,77
8707,50
8708,47
8709,71
8710,56
8711,61
8712,78
8713,64
8714,82
8715,82
8716,64
8717,68
8718,62
8719,79
8720,96
8721,101
8722,95
8723,107
8724,124
8725,110
8726,97
8727,107
8728,111
8729,93
8730,68
8731,72
8732,81
8733,71
8734,85
8735,75
8736,63
8737,57
8738,68
8739,55
8740,69
8741,71
8742,76
8743,61
8744,67
8745,63
8746,66
8747,47
8748,54
8749,46
8750,55
8751,69
8752,47
8753,76
8754,67
8755,69
8756,73
8757,79
8758,82
8759,97
8760,84
8761,102
8762,111
8763,107
8764,92
8765,119
8766,128
8767,102
8768,91
8769,88
8770,72
8771,82
8772,72
8773,64
8774,77
8775,63
8776,84
8777,73
8778,73
8779,69
8780,76
8781,91
8782,87
8783,90
8784,113
8785,113
8786,110
8787,97
8788,119
8789,130
8790,106
8791,113
8792,107
8793,133
8794,117
8795,141
8796,123
8797,100
8798,110
8799,97
8800,113
8801,105
8802,113
8803,119
8804,132
8805,117
8806,107
8807,114
8808,119
8809,100
8810,98
8811,105
8812,130
8813,124
8814,139
8815,113
8816,95
8817,106
8818,76
8819,135
8820,147
8821,155
8822,190
8823,194
8824,206
8825,232
8826,225
8827,233
8828,191
8829,204
8830,216
8831,183
8832,220
8833,190
8834,167
8835,155
8836,164
8837,138
8838,125
8839,138
8840,111
8841,119
8842,100
8843,89
8844,97
8845,80
8846,84
8847,97
8848,82
8849,94
8850,107
8851,136
8852,158
8853,180
8854,220
8855,227
8856,238
8857,232
8858,224
8859,221
8860,235
8861,233
8862,232
8863,218
8864,234
8865,242
8866,242
8867,205
8868,177
8869,151
8870,160
8871,161
8872,149
8873,147
8874,139
8875,153
8876,128
8877,144
8878,104
8879,97
8880,92
8881,111
8882,112
8883,103
8884,63
8885,95
8886,122
8887,118
8888,100
8889,118
8890,97
8891,99
8892,108
8893,97
8894,100
8895,84
8896,71
8897,81
8898,79
8899,84
8900,70
8901,84
8902,98
8903,92
8904,92
8905,106
8906,124
8907,108
8908,123
8909,153
8910,152
8911,155
8912,111
8913,137
8914,122
8915,102
8916,113
8917,108
8918,90
8919,86
8920,95
8921,92
8922,74
8923,88
8924,92
8925,113
8926,101
8927,112
8928,129
8929,120
8930,116
8931,102
8932,83
8933,89
8934,95
8935,93
8936,84
8937,88
8938,94
8939,91
8940,120
8941,107
8942,104
8943,100
8944,116
8945,120
8946,96
8947,99
8948,89
8949,96
8950,68
8951,72
8952,83
8953,81
8954,77
8955,75
8956,79
8957,65
8958,57
8959,48
8960,57
8961,45
8962,44
8963,53
8964,58
8965,67
8966,62
8967,41
8968,57
8969,73
8970,70
8971,78
8972,64
8973,62
8974,65
8975,72
8976,72
8977,83
8978,87
8979,82
8980,89
8981,96
8982,89
8983,97
8984,90
8985,101
8986,112
8987,109
8988,128
8989,115
8990,124
8991,129
8992,164
8993,163
8994,178
8995,157
8996,181
8997,204
8998,167
8999,155
9000,176
9001,198
9002,185
9003,156
9004,144
9005,130
9006,128
9007,107
9008,128
9009,104
9010,101
9011,95
9012,77
9013,86
9014,88
9015,83
9016,98
9017,103
9018,124
9019,138
9020,138
9021,114
9022,132
9023,114
9024,118
9025,112
9026,93
9027,91
9028,85
9029,68
9030,83
9031,104
9032,111
9033,125
9034,164
9035,158
9036,144
9037,118
9038,112
9039,129
9040,129
9041,158
9042,179
9043,135
9044,113
9045,101
9046,77
9047,93
9048,88
9049,66
9050,91
9051,77
9052,80
9053,66
9054,68
9055,53
9056,60
9057,45
9058,47
9059,45
9060,44
9061,38
9062,53
9063,63
9064,61
9065,58
9066,76
9067,73
9068,120
9069,122
9070,142
9071,186
9072,195
9073,172
9074,212
9075,205
9076,219
9077,294
9078,259
9079,324
9080,285
9081,331
9082,243
9083,325
9084,255
9085,265
9086,302
9087,276
9088,240
9089,200
9090,189
9091,156
9092,184
9093,155
9094,148
9095,152
9096,170
9097,201
9098,200
9099,238
9100,259
9101,299
9102,270
9103,233
9104,193
9105,160
9106,147
9107,120
9108,124
9109,143
9110,143
9111,143
9112,169
9113,171
9114,222
9115,250
9116,266
9117,309
9118,284
9119,276
9120,314
9121,275
9122,251
9123,273
9124,215
9125,226
9126,196
9127,180
9128,161
9129,129
9130,117
9131,94
9132,113
9133,87
9134,85
9135,85
9136,88
9137,93
9138,63
9139,79
9140,99
9141,72
9142,89
9143,79
9144,89
9145,98
9146,96
9147,87
9148,84
9149,92
9150,74
9151,91
9152,92
9153,91
9154,85
9155,80
9156,70
9157,82
9158,69
9159,69
9160,76
9161,85
9162,81
9163,67
9164,86
9165,85
9166,74
9167,100
9168,75
9169,102
9170,76
9171,100
9172,77
9173,89
9174,101
9175,92
9176,136
9177,152
9178,156
9179,115
9180,146
9181,161
9182,134
9183,160
9184,155
9185,164
9186,193
9187,219
9188,187
9189,150
9190,143
9191,125
9192,122
9193,89
9194,92
9195,70
9196,66
9197,76
9198,81
9199,55
9200,66
9201,75
9202,53
9203,54
9204,49
9205,36
9206,49
9207,47
9208,44
9209,55
9210,47
9211,54
9212,42
9213,50
9214,57
9215,34
9216,36
9217,35
9218,39
9219,39
9220,43
9221,54
9222,42
9223,57
9224,50
9225,55
9226,45
9227,53
9228,58
9229,56
9230,56
9231,58
9232,59
9233,63
9234,61
9235,70
9236,68
9237,66
9238,71
9239,71
9240,68
9241,84
9242,91
9243,89
9244,100
9245,109
9246,126
9247,146
9248,152
9249,127
9250,151
9251,158
9252,134
9253,140
9254,158
9255,140
9256,127
9257,163
9258,148
9259,138
9260,140
9261,113
9262,107
9263,83
9264,74
9265,70
9266,78
9267,70
9268,62
9269,58
9270,69
9271,46
9272,47
9273,42
9274,47
9275,55
9276,40
9277,54
9278,57
9279,77
9280,98
9281,101
9282,107
9283,122
9284,126
9285,151
9286,128
9287,136
9288,167
9289,186
9290,197
9291,188
9292,190
9293,205
9294,197
9295,187
9296,176
9297,159
9298,148
9299,111
9300,115
9301,103
9302,84
9303,81
9304,82
9305,75
9306,75
9307,74
9308,59
9309,70
9310,49
9311,82
9312,81
9313,78
9314,99
9315,115
9316,133
9317,113
9318,108
9319,95
9320,84
9321,82
9322,84
9323,82
9324,80
9325,53
9326,67
9327,60
9328,77
9329,57
9330,77
9331,78
9332,91
9333,59
9334,61
9335,55
9336,62
9337,78
9338,54
9339,64
9340,46
9341,52
9342,49
9343,54
9344,49
9345,49
9346,40
9347,47
9348,56
9349,40
9350,45
9351,48
9352,53
9353,42
9354,49
9355,41
9356,49
9357,44
9358,63
9359,59
9360,68
9361,77
9362,69
9363,63
9364,70
9365,88
9366,89
9367,76
9368,93
9369,90
9370,74
9371,63
9372,77
9373,69
9374,79
9375,83
9376,84
9377,71
9378,88
9379,87
9380,76
9381,59
9382,68
9383,79
9384,54
9385,63
9386,59
9387,64
9388,45
9389,41
9390,49
9391,59
9392,52
9393,66
9394,72
9395,80
9396,92
9397,94
9398,106
9399,108
9400,102
9401,139
9402,106
9403,121
9404,90
9405,98
9406,100
9407,65
9408,57
9409,61
9410,98
9411,86
9412,101
9413,100
9414,123
9415,112
9416,130
9417,125
9418,123
9419,96
9420,91
9421,100
9422,110
9423,90
9424,118
9425,118
9426,112
9427,136
9428,155
9429,150
9430,147
9431,162
9432,141
9433,135
9434,136
9435,131
9436,111
9437,95
9438,113
9439,58
9440,79
9441,66
9442,65
9443,56
9444,50
9445,47
9446,55
9447,55
9448,55
9449,50
9450,56
9451,82
9452,35
9453,52
9454,51
9455,55
9456,44
9457,48
9458,40
9459,58
9460,47
9461,49
9462,54
9463,57
9464,72
9465,91
9466,72
9467,68
9468,68
9469,64
9470,63
9471,71
9472,56
9473,51
9474,71
9475,47
9476,47
9477,54
9478,57
9479,57
9480,60
9481,54
9482,52
9483,58
9484,54
9485,50
9486,69
9487,84
9488,90
9489,79
9490,74
9491,79
9492,82
9493,99
9494,120
9495,140
9496,153
9497,160
9498,157
9499,146
9500,131
9501,121
9502,134
9503,118
9504,125
9505,108
9506,124
9507,116
9508,139
9509,124
9510,127
9511,120
9512,115
9513,105
9514,112
9515,115
9516,131
9517,128
9518,142
9519,143
9520,164
9521,162
9522,173
9523,176
9524,163
9525,147
9526,151
9527,116
9528,126
9529,131
9530,121
9531,121
9532,96
9533,117
9534,137
9535,164
9536,181
9537,208
9538,240
9539,247
9540,242
9541,269
9542,291
9543,333
9544,384
9545,395
9546,416
9547,339
9548,383
9549,353
9550,385
9551,403
9552,361
9553,358
9554,343
9555,363
9556,308
9557,299
9558,281
9559,262
9560,196
9561,213
9562,227
9563,201
9564,228
9565,199
9566,177
9567,192
9568,123
9569,140
9570,108
9571,100
9572,99
9573,72
9574,111
9575,89
9576,81
9577,67
9578,81
9579,77
9580,86
9581,79
9582,60
9583,77
9584,70
9585,62
9586,49
9587,60
9588,80
9589,65
9590,47
9591,57
9592,61
9593,68
9594,60
9595,66
9596,88
9597,104
9598,93
9599,106
9600,128
9601,131
9602,156
9603,145
9604,152
9605,152
9606,150
9607,160
9608,156
9609,140
9610,140
9611,153
9612,144
9613,124
9614,124
9615,117
9616,98
9617,80
9618,92
9619,81
9620,105
9621,72
9622,72
9623,64
9624,50
9625,59
9626,59
9627,59
9628,69
9629,73
9630,83
9631,72
9632,93
9633,98
9634,102
9635,123
9636,139
9637,184
9638,196
9639,209
9640,232
9641,241
9642,214
9643,263
9644,247
9645,252
9646,294
9647,323
9648,316
9649,334
9650,386
9651,420
9652,413
9653,392
9654,338
9655,333
9656,318
9657,259
9658,261
9659,246
9660,187
9661,206
9662,209
9663,203
9664,185
9665,185
9666,173
9667,162
9668,151
9669,154
9670,160
9671,166
9672,158
9673,137
9674,113
9675,126
9676,101
9677,98
9678,113
9679,124
9680,132
9681,188
9682,163
9683,217
9684,209
9685,211
9686,253
9687,315
9688,321
9689,305
9690,342
9691,349
9692,341
9693,298
9694,260
9695,248
9696,248
9697,214
9698,231
9699,238
9700,255
9701,259
9702,281
9703,302
9704,302
9705,289
9706,271
9707,338
9708,346
9709,356
9710,366
9711,393
9712,393
9713,435
9714,382
9715,372
9716,349
9717,355
9718,314
9719,284
9720,280
9721,207
9722,182
9723,151
9724,130
9725,139
9726,150
9727,148
9728,147
9729,158
9730,133
9731,106
9732,108
9733,106
9734,111
9735,111
9736,112
9737,122
9738,123
9739,135
9740,134
9741,110
9742,124
9743,147
9744,125
9745,95
9746,74
9747,94
9748,68
9749,59
9750,44
9751,50
9752,43
9753,53
9754,61
9755,67
9756,53
9757,64
9758,57
9759,63
9760,65
9761,52
9762,62
9763,79
9764,72
9765,85
9766,89
9767,106
9768,110
9769,117
9770,127
9771,129
9772,107
9773,104
9774,122
9775,109
9776,118
9777,104
9778,112
9779,123
9780,94
9781,78
9782,75
9783,80
9784,70
9785,70
9786,73
9787,56
9788,51
9789,54
9790,54
9791,51
9792,59
9793,40
9794,66
9795,45
9796,40
9797,63
9798,47
9799,54
9800,44
9801,48
9802,47
9803,25
9804,35
9805,38
9806,28
9807,34
9808,44
9809,36
9810,18
9811,25
9812,39
9813,29
9814,19
9815,42
9816,33
9817,22
9818,35
9819,40
9820,33
9821,18
9822,34
9823,23
9824,37
9825,24
9826,25
9827,39
9828,29
9829,34
9830,20
9831,24
9832,26
9833,31
9834,40
9835,34
9836,30
9837,42
9838,49
9839,55
9840,47
9841,48
9842,43
9843,56
9844,63
9845,55
9846,58
9847,55
9848,62
9849,62
9850,61
9851,49
9852,55
9853,51
9854,55
9855,63
9856,70
9857,52
9858,56
9859,62
9860,61
9861,48
9862,50
9863,46
9864,36
9865,24
9866,38
9867,35
9868,46
9869,35
9870,39
9871,33
9872,33
9873,33
9874,38
9875,37
9876,33
9877,37
9878,32
9879,38
9880,47
9881,48
9882,48
9883,46
9884,51
9885,38
9886,26
9887,33
9888,49
9889,44
9890,30
9891,32
9892,37
9893,42
9894,28
9895,32
9896,43
9897,24
9898,29
9899,28
9900,32
9901,17
9902,43
9903,35
9904,26
9905,30
9906,36
9907,47
9908,38
9909,61
9910,60
9911,82
9912,69
9913,99
9914,143
9915,144
9916,154
9917,165
9918,159
9919,224
9920,221
9921,247
9922,311
9923,360
9924,376
9925,353
9926,391
9927,378
9928,363
9929,307
9930,288
9931,266
9932,215
9933,192
9934,204
9935,168
9936,159
9937,141
9938,143
9939,164
9940,167
9941,182
9942,187
9943,174
9944,167
9945,127
9946,114
9947,127
9948,127
9949,126
9950,119
9951,96
9952,92
9953,89
9954,82
9955,72
9956,74
9957,88
9958,94
9959,77
9960,90
9961,75
9962,73
9963,51
9964,74
9965,72
9966,55
9967,72
9968,73
9969,87
9970,89
9971,77
9972,96
9973,87
9974,120
9975,99
9976,132
9977,158
9978,175
9979,168
9980,143
9981,163
9982,149
9983,137
9984,145
9985,139
9986,133
9987,140
9988,125
9989,123
9990,100
9991,106
9992,103
9993,110
9994,113
9995,110
9996,96
9997,98
9998,91
9999,96
10000,99
10001,99
10002,106
10003,99
10004,92
10005,86
10006,95
10007,95
10008,91
10009,114
10010,107
10011,85
10012,70
10013,71
10014,73
10015,67
10016,55
10017,53
10018,47
10019,48
10020,63
10021,56
10022,49
10023,68
10024,61
10025,64
10026,60
10027,65
10028,74
10029,82
10030,102
10031,113
10032,143
10033,151
10034,159
10035,196
10036,172
10037,135
10038,160
10039,148
10040,115
10041,117
10042,109
10043,81
10044,82
10045,61
10046,58
10047,63
10048,73
10049,63
10050,69
10051,63
10052,57
10053,68
10054,62
10055,80
10056,77
10057,96
10058,73
10059,82
10060,88
10061,73
10062,90
10063,91
10064,115
10065,87
10066,91
10067,104
10068,77
10069,94
10070,83
10071,104
10072,85
10073,115
10074,123
10075,135
10076,156
10077,145
10078,124
10079,121
10080,112
10081,130
10082,116
10083,103
10084,137
10085,157
10086,134
10087,134
10088,101
10089,98
10090,109
10091,114
10092,94
10093,90
10094,83
10095,88
10096,76
10097,83
10098,76
10099,68
10100,66
10101,62
10102,59
10103,54
10104,42
10105,38
10106,54
10107,50
10108,51
10109,71
10110,51
10111,45
10112,62
10113,48
10114,39
10115,39
10116,48
10117,41
10118,41
10119,44
10120,43
10121,53
10122,59
10123,56
10124,61
10125,58
10126,47
10127,65
10128,60
10129,70
10130,72
10131,84
10132,76
10133,87
10134,59
10135,107
10136,90
10137,95
10138,98
10139,116
10140,107
10141,144
10142,150
10143,180
10144,173
10145,199
10146,209
10147,185
10148,172
10149,184
10150,166
10151,173
10152,162
10153,167
10154,184
10155,159
10156,185
10157,182
10158,189
10159,179
10160,156
10161,183
10162,133
10163,138
10164,105
10165,122
10166,107
10167,72
10168,93
10169,84
10170,95
10171,89
10172,94
10173,77
10174,69
10175,85
10176,71
10177,69
10178,67
10179,75
10180,69
10181,74
10182,72
10183,81
10184,82
10185,101
10186,93
10187,98
10188,113
10189,96
10190,86
10191,84
10192,88
10193,68
10194,71
10195,91
10196,90
10197,86
10198,95
10199,112
10200,111
10201,115
10202,90
10203,91
10204,78
10205,88
10206,89
10207,85
10208,87
10209,111
10210,99
10211,88
10212,98
10213,81
10214,100
10215,98
10216,117
10217,125
10218,105
10219,129
10220,116
10221,125
10222,126
10223,109
10224,121
10225,121
10226,122
10227,117
10228,131
10229,142
10230,149
10231,138
10232,122
10233,138
10234,143
10235,135
10236,156
10237,174
10238,208
10239,244
10240,254
10241,277
10242,288
10243,270
10244,266
10245,275
10246,282
10247,266
10248,282
10249,287
10250,363
10251,276
10252,310
10253,390
10254,288
10255,290
10256,258
10257,211
10258,224
10259,219
10260,193
10261,214
10262,190
10263,149
10264,171
10265,156
10266,151
10267,137
10268,103
10269,126
10270,111
10271,112
10272,117
10273,107
10274,92
10275,102
10276,97
10277,83
10278,74
10279,90
10280,62
10281,78
10282,90
10283,91
10284,75
10285,70
10286,75
10287,69
10288,63
10289,54
10290,53
10291,70
10292,74
10293,88
10294,96
10295,89
10296,89
10297,94
10298,100
10299,111
10300,100
10301,58
10302,66
10303,71
10304,62
10305,51
10306,44
10307,48
10308,53
10309,32
10310,46
10311,32
10312,45
10313,48
10314,32
10315,40
10316,37
10317,37
10318,36
10319,22
10320,33
10321,30
10322,27
10323,29
10324,28
10325,30
10326,26
10327,39
10328,41
10329,38
10330,28
10331,34
10332,39
10333,31
10334,37
10335,45
10336,36
10337,34
10338,44
10339,39
10340,49
10341,58
10342,53
10343,65
10344,60
10345,75
10346,78
10347,85
10348,68
10349,55
10350,68
10351,66
10352,90
10353,92
10354,79
10355,95
10356,60
10357,62
10358,63
10359,60
10360,73
10361,71
10362,65
10363,74
10364,91
10365,89
10366,105
10367,96
10368,99
10369,109
10370,126
10371,109
10372,117
10373,101
10374,116
10375,127
10376,130
10377,132
10378,116
10379,121
10380,93
10381,105
10382,71
10383,91
10384,104
10385,103
10386,116
10387,129
10388,135
10389,158
10390,155
10391,193
10392,164
10393,126
10394,118
10395,93
10396,94
10397,72
10398,81
10399,72
10400,66
10401,72
10402,63
10403,66
10404,68
10405,73
10406,71
10407,58
10408,48
10409,74
10410,86
10411,60
10412,62
10413,55
10414,60
10415,57
10416,62
10417,84
10418,98
10419,97
10420,126
10421,130
10422,141
10423,178
10424,160
10425,182
10426,162
10427,184
10428,137
10429,129
10430,159
10431,155
10432,214
10433,281
10434,314
10435,340
10436,364
10437,338
10438,326
10439,341
10440,363
10441,322
10442,277
10443,269
10444,227
10445,202
10446,175
10447,152
10448,142
10449,136
10450,139
10451,128
10452,155
10453,158
10454,137
10455,145
10456,153
10457,165
10458,148
10459,209
10460,219
10461,277
10462,331
10463,348
10464,381
10465,372
10466,404
10467,392
10468,373
10469,365
10470,307
10471,301
10472,294
10473,246
10474,222
10475,189
10476,192
10477,207
10478,203
10479,197
10480,170
10481,157
10482,150
10483,138
10484,160
10485,130
10486,145
10487,150
10488,135
10489,119
10490,110
10491,126
10492,96
10493,98
10494,77
10495,81
10496,84
10497,64
10498,64
10499,73
10500,82
10501,90
10502,92
10503,94
10504,94
10505,106
10506,119
10507,128
10508,128
10509,118
10510,141
10511,118
10512,136
10513,148
10514,134
10515,139
10516,129
10517,137
10518,127
10519,120
10520,103
10521,79
10522,92
10523,96
10524,88
10525,78
10526,81
10527,60
10528,86
10529,74
10530,66
10531,72
10532,83
10533,90
10534,62
10535,82
10536,84
10537,85
10538,70
10539,69
10540,68
10541,92
10542,84
10543,61
10544,90
10545,100
10546,103
10547,92
10548,95
10549,100
10550,99
10551,80
10552,95
10553,97
10554,107
10555,107
10556,91
10557,91
10558,87
10559,95
10560,106
10561,100
10562,95
10563,102
10564,91
10565,109
10566,91
10567,108
10568,96
10569,94
10570,103
10571,100
10572,120
10573,106
10574,89
10575,107
10576,95
10577,118
10578,123
10579,137
10580,126
10581,120
10582,140
10583,140
10584,178
10585,169
10586,171
10587,171
10588,197
10589,253
10590,215
10591,204
10592,231
10593,285
10594,307
10595,261
10596,256
10597,262
10598,212
10599,167
10600,198
10601,209
10602,238
10603,238
10604,249
10605,267
10606,287
10607,287
10608,315
10609,370
10610,392
10611,415
10612,335
10613,387
10614,346
10615,302
10616,266
10617,208
10618,185
10619,156
10620,162
10621,158
10622,129
10623,124
10624,101
10625,88
10626,90
10627,77
10628,99
10629,86
10630,99
10631,102
10632,108
10633,104
10634,126
10635,169
10636,180
10637,215
10638,201
10639,233
10640,208
10641,224
10642,209
10643,197
10644,168
10645,182
10646,209
10647,193
10648,238
10649,278
10650,264
10651,265
10652,332
10653,345
10654,389
10655,368
10656,387
10657,329
10658,306
10659,312
10660,281
10661,303
10662,231
10663,204
10664,193
10665,161
10666,174
10667,172
10668,166
10669,147
10670,172
10671,128
10672,103
10673,115
10674,82
10675,81
10676,109
10677,98
10678,100
10679,66
10680,84
10681,76
10682,58
10683,66
10684,74
10685,59
10686,45
10687,48
10688,47
10689,46
10690,57
10691,44
10692,56
10693,47
10694,57
10695,59
10696,44
10697,59
10698,67
10699,49
10700,54
10701,63
10702,55
10703,68
10704,42
10705,51
10706,35
10707,48
10708,41
10709,47
10710,53
10711,51
10712,43
10713,48
10714,51
10715,47
10716,58
10717,54
10718,52
10719,48
10720,54
10721,37
10722,48
10723,32
10724,44
10725,40
10726,61
10727,53
10728,61
10729,64
10730,58
10731,90
10732,90
10733,80
10734,91
10735,70
10736,80
10737,73
10738,63
10739,69
10740,53
10741,62
10742,58
10743,63
10744,62
10745,68
10746,52
10747,49
10748,43
10749,59
10750,55
10751,47
10752,42
10753,42
10754,34
10755,34
10756,32
10757,36
10758,38
10759,36
10760,24
10761,34
10762,33
10763,34
10764,31
10765,25
10766,44
10767,32
10768,27
10769,33
10770,34
10771,33
10772,45
10773,42
10774,34
10775,57
10776,49
10777,59
10778,50
10779,54
10780,64
10781,59
10782,65
10783,55
10784,91
10785,79
10786,84
10787,101
10788,85
10789,88
10790,79
10791,92
10792,77
10793,99
10794,91
10795,75
10796,74
10797,78
10798,78
10799,62
10800,83
10801,85
10802,77
10803,83
10804,82
10805,95
10806,103
10807,92
10808,76
10809,73
10810,95
10811,93
10812,103
10813,92
10814,79
10815,83
10816,65
10817,62
10818,86
10819,80
10820,80
10821,61
10822,65
10823,53
10824,66
10825,65
10826,66
10827,55
10828,50
10829,45
10830,57
10831,60
10832,45
10833,55
10834,68
10835,69
10836,59
10837,56
10838,52
10839,66
10840,63
10841,56
10842,44
10843,47
10844,31
10845,38
10846,42
10847,41
10848,43
10849,36
10850,32
10851,43
10852,26
10853,27
10854,47
10855,35
10856,54
10857,40
10858,49
10859,45
10860,50
10861,58
10862,51
10863,53
10864,50
10865,51
10866,41
10867,36
10868,60
10869,45
10870,40
10871,46
10872,53
10873,44
10874,48
10875,50
10876,36
10877,46
10878,43
10879,43
10880,50
10881,48
10882,42
10883,45
10884,43
10885,49
10886,44
10887,38
10888,55
10889,50
10890,51
10891,55
10892,59
10893,64
10894,63
10895,72
10896,67
10897,74
10898,80
10899,104
10900,114
10901,108
10902,115
10903,127
10904,163
10905,183
10906,154
10907,194
10908,187
10909,178
10910,214
10911,239
10912,221
10913,270
10914,323
10915,335
10916,384
10917,328
10918,314
10919,291
10920,293
10921,264
10922,250
10923,262
10924,247
10925,212
10926,195
10927,173
10928,157
10929,195
10930,199
10931,227
10932,261
10933,282
10934,262
10935,279
10936,233
10937,316
10938,266
10939,280
10940,227
10941,203
10942,190
10943,155
10944,124
10945,116
10946,120
10947,84
10948,82
10949,86
10950,100
10951,88
10952,91
10953,92
10954,84
10955,75
10956,64
10957,56
10958,57
10959,68
10960,74
10961,75
10962,65
10963,62
10964,70
10965,76
10966,93
10967,95
10968,96
10969,121
10970,102
10971,102
10972,114
10973,115
10974,143
10975,133
10976,142
10977,144
10978,126
10979,186
10980,189
10981,198
10982,220
10983,222
10984,210
10985,193
10986,184
10987,186
10988,171
10989,193
10990,178
10991,150
10992,125
10993,123
10994,142
10995,149
10996,221
10997,214
10998,261
10999,261
11000,276
11001,200
11002,233
11003,277
11004,232
11005,203
11006,203
11007,193
11008,163
11009,180
11010,176
11011,155
11012,220
11013,270
11014,252
11015,251
11016,274
11017,216
11018,230
11019,236
11020,256
11021,233
11022,211
11023,170
11024,151
11025,129
11026,108
11027,90
11028,90
11029,79
11030,60
11031,61
11032,56
11033,67
11034,53
11035,66
11036,68
11037,71
11038,73
11039,63
11040,83
11041,77
11042,103
11043,94
11044,126
11045,150
11046,150
11047,157
11048,160
11049,154
11050,162
11051,165
11052,154
11053,150
11054,137
11055,132
11056,127
11057,118
11058,153
11059,122
11060,145
11061,139
11062,143
11063,153
11064,144
11065,175
11066,170
11067,194
11068,190
11069,172
11070,166
11071,169
11072,186
11073,184
11074,226
11075,230
11076,251
11077,252
11078,247
11079,270
11080,263
11081,227
11082,199
11083,185
11084,177
11085,192
11086,181
11087,229
11088,228
11089,244
11090,230
11091,247
11092,247
11093,263
11094,192
11095,203
11096,182
11097,170
11098,168
11099,157
11100,145
11101,127
11102,146
11103,124
11104,131
11105,134
11106,137
11107,117
11108,118
11109,108
11110,99
11111,95
11112,90
11113,90
11114,91
11115,86
11116,104
11117,87
11118,83
11119,94
11120,99
11121,119
11122,108
11123,134
11124,163
11125,151
11126,167
11127,162
11128,163
11129,178
11130,187
11131,189
11132,185
11133,179
11134,213
11135,242
11136,255
11137,289
11138,334
11139,373
11140,390
11141,345
11142,345
11143,329
11144,312
11145,233
11146,236
11147,195
11148,160
11149,174
11150,157
11151,117
11152,124
11153,102
11154,89
11155,86
11156,74
11157,87
11158,71
11159,69
11160,66
11161,67
11162,52
11163,59
11164,65
11165,60
11166,75
11167,66
11168,83
11169,77
11170,90
11171,98
11172,105
11173,105
11174,116
11175,91
11176,96
11177,99
11178,101
11179,135
11180,139
11181,135
11182,148
11183,152
11184,159
11185,190
11186,209
11187,235
11188,175
11189,155
11190,140
11191,125
11192,96
11193,100
11194,76
11195,109
11196,111
11197,92
11198,87
11199,118
11200,99
11201,116
11202,113
11203,123
11204,119
11205,131
11206,124
11207,142
11208,119
11209,132
11210,140
11211,129
11212,110
11213,123
11214,113
11215,108
11216,107
11217,103
11218,97
11219,107
11220,86
11221,99
11222,91
11223,115
11224,138
11225,124
11226,124
11227,131
11228,128
11229,122
11230,113
11231,93
11232,90
11233,103
11234,76
11235,60
11236,72
11237,71
11238,69
11239,77
11240,107
11241,107
11242,117
11243,99
11244,95
11245,95
11246,107
11247,87
11248,94
11249,67
11250,76
11251,75
11252,70
11253,81
11254,82
11255,74
11256,70
11257,58
11258,77
11259,81
11260,64
11261,88
11262,100
11263,86
11264,85
11265,81
11266,94
11267,95
11268,84
11269,93
11270,105
11271,123
11272,95
11273,87
11274,111
11275,108
11276,138
11277,124
11278,119
11279,136
11280,140
11281,132
11282,118
11283,127
11284,124
11285,123
11286,127
11287,124
11288,130
11289,142
11290,126
11291,149
11292,167
11293,159
11294,176
11295,155
11296,161
11297,133
11298,136
11299,132
11300,161
11301,195
11302,179
11303,162
11304,177
11305,165
11306,173
11307,147
11308,140
11309,127
11310,99
11311,92
11312,84
11313,60
11314,64
11315,67
11316,59
11317,68
11318,62
11319,66
11320,68
11321,80
11322,82
11323,71
11324,88
11325,79
11326,75
11327,87
11328,82
11329,91
11330,74
11331,92
11332,88
11333,90
11334,90
11335,89
11336,100
11337,82
11338,79
11339,90
11340,120
11341,128
11342,107
11343,126
11344,107
11345,92
11346,93
11347,87
11348,106
11349,111
11350,100
11351,104
11352,87
11353,96
11354,102
11355,99
11356,116
11357,124
11358,121
11359,110
11360,129
11361,144
11362,149
11363,155
11364,129
11365,138
11366,147
11367,150
11368,139
11369,144
11370,138
11371,119
11372,115
11373,151
11374,142
11375,141
11376,143
11377,144
11378,124
11379,135
11380,140
11381,122
11382,132
11383,118
11384,134
11385,132
11386,101
11387,99
11388,120
11389,138
11390,126
11391,122
11392,154
11393,152
11394,171
11395,184
11396,183
11397,160
11398,165
11399,148
11400,112
11401,130
11402,118
11403,113
11404,109
11405,107
11406,83
11407,99
11408,88
11409,91
11410,73
11411,63
11412,78
11413,55
11414,62
11415,63
11416,62
11417,44
11418,47
11419,57
11420,60
11421,40
11422,64
11423,59
11424,50
11425,55
11426,63
11427,48
11428,75
11429,52
11430,59
11431,71
11432,80
11433,54
11434,58
11435,70
11436,41
11437,59
11438,57
11439,50
11440,58
11441,57
11442,58
11443,47
11444,50
11445,46
11446,49
11447,34
11448,50
11449,57
11450,49
11451,74
11452,72
11453,56
11454,75
11455,93
11456,72
11457,87
11458,89
11459,62
11460,83
11461,79
11462,80
11463,103
11464,114
11465,120
11466,114
11467,130
11468,107
11469,94
11470,119
11471,126
11472,123
11473,131
11474,117
11475,155
11476,144
11477,174
11478,194
11479,230
11480,212
11481,213
11482,202
11483,191
11484,166
11485,167
11486,175
11487,147
11488,109
11489,71
11490,73
11491,46
11492,49
11493,55
11494,43
11495,41
11496,42
11497,36
11498,31
11499,33
11500,33
11501,24
11502,28
11503,17
11504,17
11505,25
11506,32
11507,31
11508,43
11509,30
11510,38
11511,40
11512,26
11513,32
11514,31
11515,42
11516,26
11517,43
11518,47
11519,38
11520,40
11521,35
11522,47
11523,39
11524,43
11525,44
11526,51
11527,52
11528,57
11529,61
11530,54
11531,65
11532,44
11533,56
11534,51
11535,52
11536,57
11537,60
11538,51
11539,45
11540,65
11541,58
11542,73
11543,80
11544,74
11545,69
11546,87
11547,82
11548,75
11549,98
11550,87
11551,95
11552,61
11553,92
11554,101
11555,108
11556,86
11557,105
11558,106
11559,125
11560,104
11561,106
11562,129
11563,154
11564,119
11565,135
11566,155
11567,120
11568,121
11569,120
11570,106
11571,132
11572,135
11573,139
11574,126
11575,117
11576,90
11577,82
11578,92
11579,71
11580,88
11581,109
11582,98
11583,99
11584,113
11585,81
11586,107
11587,101
11588,130
11589,141
11590,113
11591,131
11592,126
11593,132
11594,165
11595,152
11596,158
11597,179
11598,177
11599,173
11600,182
11601,202
11602,219
11603,227
11604,221
11605,248
11606,286
11607,245
11608,223
11609,257
11610,246
11611,237
11612,206
11613,184
11614,187
11615,166
11616,148
11617,163
11618,146
11619,165
11620,135
11621,123
11622,117
11623,117
11624,89
11625,89
11626,91
11627,104
11628,99
11629,82
11630,90
11631,76
11632,90
11633,102
11634,118
11635,117
11636,151
11637,137
11638,146
11639,131
11640,144
11641,137
11642,128
11643,147
11644,171
11645,130
11646,173
11647,155
11648,156
11649,189
11650,202
11651,221
11652,250
11653,253
11654,232
11655,255
11656,219
11657,251
11658,247
11659,228
11660,241
11661,269
11662,292
11663,285
11664,267
11665,228
11666,251
11667,237
11668,272
11669,280
11670,244
11671,223
11672,269
11673,280
11674,234
11675,197
11676,164
11677,139
11678,146
11679,135
11680,121
11681,121
11682,109
11683,93
11684,88
11685,76
11686,86
11687,90
11688,97
11689,105
11690,108
11691,99
11692,116
11693,103
11694,91
11695,89
11696,92
11697,80
11698,81
11699,89
11700,72
11701,81
11702,77
11703,69
11704,65
11705,50
11706,66
11707,73
11708,73
11709,83
11710,104
11711,90
11712,107
11713,95
11714,113
11715,85
11716,85
11717,80
11718,58
11719,54
11720,63
11721,73
11722,66
11723,64
11724,78
11725,65
11726,62
11727,54
11728,63
11729,54
11730,71
11731,90
11732,88
11733,73
11734,62
11735,58
11736,65
11737,72
11738,63
11739,70
11740,71
11741,73
11742,63
11743,66
11744,71
11745,76
11746,75
11747,43
11748,49
11749,59
11750,46
11751,49
11752,55
11753,50
11754,44
11755,43
11756,61
11757,45
11758,40
11759,66
11760,61
11761,64
11762,49
11763,68
11764,63
11765,58
11766,62
11767,66
11768,68
11769,85
11770,80
11771,78
11772,81
11773,82
11774,97
11775,87
11776,118
11777,142
11778,159
11779,194
11780,143
11781,145
11782,143
11783,123
11784,151
11785,164
11786,146
11787,133
11788,126
11789,112
11790,101
11791,111
11792,107
11793,110
11794,125
11795,101
11796,88
11797,104
11798,78
11799,113
11800,96
11801,84
11802,103
11803,132
11804,126
11805,173
11806,218
11807,241
11808,246
11809,286
11810,255
11811,261
11812,310
11813,280
11814,266
11815,247
11816,260
11817,241
11818,220
11819,210
11820,220
11821,161
11822,149
11823,142
11824,121
11825,83
11826,133
11827,104
11828,105
11829,104
11830,125
11831,143
11832,152
11833,142
11834,133
11835,104
11836,107
11837,109
11838,97
11839,132
11840,111
11841,134
11842,123
11843,118
11844,111
11845,97
11846,106
11847,93
11848,89
11849,95
11850,94
11851,99
11852,120
11853,115
11854,113
11855,107
11856,90
11857,94
11858,87
11859,82
11860,68
11861,73
11862,84
11863,62
11864,75
11865,56
11866,51
11867,45
11868,62
11869,63
11870,65
11871,71
11872,70
11873,63
11874,81
11875,88
11876,83
11877,90
11878,93
11879,97
11880,97
11881,100
11882,127
11883,130
11884,130
11885,124
11886,105
11887,110
11888,101
11889,101
11890,112
11891,104
11892,110
11893,113
11894,108
11895,117
11896,116
11897,150
11898,116
11899,141
11900,115
11901,111
11902,103
11903,125
11904,122
11905,124
11906,110
11907,119
11908,130
11909,126
11910,135
11911,146
11912,104
11913,126
11914,130
11915,106
11916,101
11917,92
11918,107
11919,115
11920,95
11921,112
11922,99
11923,79
11924,93
11925,93
11926,91
11927,104
11928,109
11929,83
11930,86
11931,105
11932,83
11933,96
11934,80
11935,103
11936,99
11937,114
11938,94
11939,114
11940,106
11941,110
11942,137
11943,124
11944,149
11945,176
11946,163
11947,182
11948,177
11949,171
11950,162
11951,171
11952,194
11953,182
11954,185
11955,189
11956,184
11957,212
11958,218
11959,268
11960,268
11961,313
11962,257
11963,266
11964,280
11965,261
11966,252
11967,185
11968,227
11969,224
11970,220
11971,247
11972,233
11973,253
11974,244
11975,274
11976,272
11977,296
11978,327
11979,275
11980,240
11981,217
11982,201
11983,194
11984,147
11985,176
11986,179
11987,188
11988,173
11989,166
11990,158
11991,153
11992,180
11993,169
11994,186
11995,169
11996,162
11997,170
11998,158
11999,117
12000,110
12001,102
12002,90
12003,72
12004,81
12005,106
12006,104
12007,100
12008,104
12009,86
12010,82
12011,86
12012,74
12013,91
12014,83
12015,70
12016,69
12017,78
12018,61
12019,76
12020,67
12021,104
12022,81
12023,75
12024,85
12025,111
12026,140
12027,155
12028,161
12029,142
12030,134
12031,121
12032,124
12033,113
12034,117
12035,80
12036,82
12037,69
12038,59
12039,67
12040,56
12041,74
12042,45
12043,46
12044,43
12045,54
12046,41
12047,58
12048,56
12049,56
12050,63
12051,64
12052,54
12053,72
12054,81
12055,84
12056,70
12057,105
12058,96
12059,107
12060,113
12061,148
12062,131
12063,138
12064,158
12065,186
12066,198
12067,192
12068,230
12069,248
12070,249
12071,272
12072,296
12073,285
12074,243
12075,260
12076,288
12077,273
12078,303
12079,286
12080,268
12081,321
12082,315
12083,337
12084,324
12085,324
12086,318
12087,286
12088,279
12089,261
12090,227
12091,202
12092,238
12093,233
12094,220
12095,240
12096,184
12097,197
12098,216
12099,193
12100,188
12101,210
12102,218
12103,218
12104,178
12105,177
12106,197
12107,175
12108,155
12109,160
12110,197
12111,172
12112,160
12113,162
12114,139
12115,130
12116,123
12117,133
12118,107
12119,97
12120,104
12121,113
12122,84
12123,93
12124,67
12125,43
12126,46
12127,48
12128,48
12129,70
12130,64
12131,67
12132,49
12133,60
12134,62
12135,56
12136,66
12137,72
12138,74
12139,63
12140,70
12141,70
12142,54
12143,79
12144,54
12145,80
12146,57
12147,71
12148,64
12149,90
12150,76
12151,80
12152,62
12153,61
12154,77
12155,67
12156,80
12157,61
12158,57
12159,59
12160,58
12161,75
12162,71
12163,74
12164,72
12165,73
12166,89
12167,79
12168,76
12169,75
12170,94
12171,89
12172,92
12173,89
12174,73
12175,80
12176,78
12177,59
12178,74
12179,86
12180,75
12181,76
12182,108
12183,88
12184,78
12185,76
12186,83
12187,78
12188,64
12189,65
12190,57
12191,59
12192,55
12193,69
12194,86
12195,74
12196,82
12197,82
12198,107
12199,115
12200,109
12201,117
12202,108
12203,106
12204,99
12205,109
12206,102
12207,106
12208,59
12209,60
12210,73
12211,68
12212,51
12213,47
12214,50
12215,50
12216,54
12217,46
12218,52
12219,64
12220,53
12221,64
12222,52
12223,66
12224,55
12225,64
12226,80
12227,55
12228,82
12229,80
12230,71
12231,82
12232,107
12233,104
12234,138
12235,159
12236,165
12237,173
12238,154
12239,164
12240,140
12241,179
12242,143
12243,164
12244,153
12245,162
12246,128
12247,115
12248,114
12249,99
12250,96
12251,92
12252,83
12253,88
12254,83
12255,78
12256,76
12257,51
12258,69
12259,46
12260,53
12261,43
12262,41
12263,36
12264,46
12265,41
12266,27
12267,41
12268,26
12269,29
12270,34
12271,32
12272,43
12273,35
12274,37
12275,34
12276,40
12277,39
12278,47
12279,46
12280,41
12281,36
12282,49
12283,56
12284,53
12285,59
12286,51
12287,58
12288,41
12289,50
12290,67
12291,58
12292,53
12293,69
12294,80
12295,99
12296,80
12297,87
12298,67
12299,73
12300,53
12301,93
12302,104
12303,105
12304,135
12305,112
12306,112
12307,95
12308,109
12309,116
12310,107
12311,116
12312,111
12313,104
12314,92
12315,91
12316,82
12317,81
12318,83
12319,76
12320,57
12321,84
12322,58
12323,69
12324,67
12325,61
12326,52
12327,60
12328,58
12329,35
12330,46
12331,51
12332,66
12333,59
12334,58
12335,67
12336,60
12337,60
12338,57
12339,66
12340,56
12341,51
12342,44
12343,39
12344,48
12345,53
12346,68
12347,58
12348,54
12349,60
12350,58
12351,55
12352,51
12353,51
12354,49
12355,54
12356,42
12357,50
12358,62
12359,55
12360,64
12361,64
12362,57
12363,63
12364,52
12365,64
12366,67
12367,58
12368,56
12369,53
12370,52
12371,32
12372,53
12373,44
12374,44
12375,49
12376,46
12377,51
12378,50
12379,56
12380,53
12381,58
12382,57
12383,37
12384,55
12385,53
12386,66
12387,69
12388,56
12389,55
12390,64
12391,69
12392,63
12393,80
12394,92
12395,113
12396,129
12397,142
12398,180
12399,186
12400,201
12401,216
12402,201
12403,219
12404,255
12405,272
12406,307
12407,295
12408,257
12409,258
12410,244
12411,255
12412,206
12413,177
12414,186
12415,190
12416,158
12417,153
12418,134
12419,114
12420,117
12421,110
12422,126
12423,96
12424,125
12425,113
12426,110
12427,103
12428,129
12429,115
12430,96
12431,84
12432,73
12433,87
12434,97
12435,72
12436,71
12437,76
12438,57
12439,59
12440,55
12441,51
12442,41
12443,58
12444,49
12445,46
12446,43
12447,62
12448,47
12449,53
12450,59
12451,68
12452,59
12453,58
12454,62
12455,53
12456,61
12457,50
12458,56
12459,69
12460,62
12461,67
12462,71
12463,64
12464,34
12465,63
12466,71
12467,71
12468,67
12469,73
12470,51
12471,65
12472,68
12473,51
12474,64
12475,61
12476,74
12477,65
12478,74
12479,90
12480,68
12481,61
12482,54
12483,64
12484,54
12485,54
12486,53
12487,45
12488,51
12489,53
12490,49
12491,55
12492,47
12493,46
12494,44
12495,64
12496,49
12497,44
12498,40
12499,42
12500,55
12501,57
12502,56
12503,53
12504,46
12505,51
12506,56
12507,48
12508,33
12509,38
12510,49
12511,44
12512,44
12513,68
12514,77
12515,79
12516,72
12517,78
12518,66
12519,78
12520,77
12521,58
12522,72
12523,56
12524,66
12525,60
12526,59
12527,59
12528,59
12529,48
12530,45
12531,47
12532,55
12533,39
12534,53
12535,52
12536,42
12537,62
12538,51
12539,58
12540,60
12541,52
12542,57
12543,77
12544,70
12545,106
12546,129
12547,150
12548,133
12549,146
12550,134
12551,151
12552,146
12553,156
12554,147
12555,146
12556,128
12557,134
12558,132
12559,138
12560,155
12561,153
12562,193
12563,185
12564,172
12565,157
12566,165
12567,191
12568,192
12569,181
12570,176
12571,193
12572,190
12573,209
12574,221
12575,236
12576,205
12577,197
12578,176
12579,183
12580,198
12581,192
12582,209
12583,286
12584,267
12585,250
12586,218
12587,226
12588,235
12589,233
12590,233
12591,221
12592,206
12593,212
12594,172
12595,200
12596,187
12597,192
12598,179
12599,160
12600,155
12601,127
12602,135
12603,124
12604,98
12605,104
12606,84
12607,86
12608,58
12609,62
12610,63
12611,71
12612,76
12613,71
12614,62
12615,65
12616,73
12617,75
12618,61
12619,78
12620,56
12621,76
12622,67
12623,63
12624,48
12625,56
12626,54
12627,57
12628,44
12629,49
12630,60
12631,67
12632,71
12633,67
12634,56
12635,62
12636,81
12637,69
12638,71
12639,67
12640,73
12641,78
12642,65
12643,66
12644,54
12645,64
12646,78
12647,95
12648,95
12649,71
12650,68
12651,61
12652,86
12653,70
12654,57
12655,70
12656,48
12657,73
12658,62
12659,61
12660,58
12661,58
12662,57
12663,67
12664,53
12665,54
12666,54
12667,57
12668,55
12669,69
12670,64
12671,67
12672,85
12673,76
12674,89
12675,84
12676,66
12677,67
12678,70
12679,67
12680,89
12681,96
12682,87
12683,99
12684,94
12685,94
12686,83
12687,89
12688,84
12689,115
12690,118
12691,188
12692,248
12693,247
12694,268
12695,281
12696,234
12697,204
12698,211
12699,165
12700,168
12701,169
12702,198
12703,149
12704,177
12705,163
12706,174
12707,180
12708,162
12709,177
12710,183
12711,165
12712,164
12713,168
12714,172
12715,127
12716,111
12717,106
12718,111
12719,74
12720,91
12721,112
12722,92
12723,114
12724,128
12725,122
12726,90
12727,97
12728,97
12729,121
12730,103
12731,102
12732,69
12733,95
12734,105
12735,113
12736,139
12737,117
12738,114
12739,124
12740,140
12741,136
12742,131
12743,113
12744,103
12745,139
12746,118
12747,107
12748,94
12749,85
12750,86
12751,85
12752,84
12753,99
12754,71
12755,84
12756,67
12757,55
12758,69
12759,53
12760,62
12761,78
12762,72
12763,79
12764,72
12765,86
12766,78
12767,79
12768,61
12769,77
12770,70
12771,84
12772,86
12773,103
12774,91
12775,100
12776,104
12777,106
12778,136
12779,96
12780,96
12781,88
12782,108
12783,95
12784,88
12785,64
12786,98
12787,82
12788,86
12789,70
12790,72
12791,68
12792,79
12793,73
12794,108
12795,80
12796,103
12797,79
12798,108
12799,99
12800,90
12801,85
12802,90
12803,98
12804,97
12805,86
12806,105
12807,86
12808,83
12809,84
12810,80
12811,87
12812,73
12813,102
12814,76
12815,84
12816,68
12817,70
12818,61
12819,82
12820,68
12821,85
12822,75
12823,70
12824,73
12825,66
12826,69
12827,67
12828,58
12829,63
12830,69
12831,73
12832,66
12833,61
12834,51
12835,63
12836,64
12837,60
12838,53
12839,43
12840,52
12841,60
12842,49
12843,58
12844,53
12845,51
12846,65
12847,48
12848,58
12849,53
12850,64
12851,52
12852,54
12853,67
12854,61
12855,68
12856,66
12857,76
12858,90
12859,90
12860,75
12861,91
12862,102
12863,115
12864,93
12865,122
12866,129
12867,109
12868,138
12869,124
12870,121
12871,160
12872,170
12873,194
12874,185
12875,166
12876,168
12877,183
12878,178
12879,160
12880,175
12881,186
12882,196
12883,220
12884,244
12885,265
12886,271
12887,370
12888,443
12889,562
12890,656
12891,725
12892,716
12893,641
12894,524
12895,532
12896,442
12897,388
12898,331
12899,273
12900,193
12901,165
12902,146
12903,117
12904,108
12905,95
12906,78
12907,70
12908,50
12909,60
12910,50
12911,38
12912,47
12913,45
12914,39
12915,32
12916,29
12917,36
12918,30
12919,28
12920,35
12921,24
12922,38
12923,35
12924,32
12925,32
12926,38
12927,40
12928,28
12929,28
12930,32
12931,31
12932,40
12933,26
12934,24
12935,33
12936,42
12937,45
12938,51
12939,39
12940,52
12941,38
12942,39
12943,31
12944,36
12945,41
12946,42
12947,46
12948,40
12949,43
12950,50
12951,68
12952,62
12953,74
12954,65
12955,70
12956,78
12957,66
12958,65
12959,56
12960,85
12961,88
12962,92
12963,82
12964,80
12965,81
12966,71
12967,77
12968,69
12969,76
12970,69
12971,60
12972,70
12973,74
12974,54
12975,58
12976,67
12977,68
12978,53
12979,64
12980,59
12981,72
12982,57
12983,51
12984,58
12985,69
12986,62
12987,55
12988,48
12989,67
12990,59
12991,59
12992,77
12993,75
12994,65
12995,72
12996,66
12997,79
12998,61
12999,71
13000,75
13001,92
13002,90
13003,93
13004,95
13005,78
13006,93
13007,105
13008,105
13009,112
13010,126
13011,111
13012,112
13013,108
13014,96
13015,108
13016,98
13017,79
13018,83
13019,79
13020,79
13021,77
13022,70
13023,72
13024,62
13025,78
13026,49
13027,70
13028,78
13029,60
13030,70
13031,66
13032,71
13033,73
13034,90
13035,89
13036,103
13037,100
13038,90
13039,96
13040,88
13041,94
13042,115
13043,101
13044,91
13045,84
13046,79
13047,65
13048,86
13049,89
13050,86
13051,94
13052,79
13053,92
13054,108
13055,92
13056,102
13057,97
13058,118
13059,131
13060,133
13061,159
13062,207
13063,220
13064,269
13065,266
13066,301
13067,259
13068,281
13069,350
13070,353
13071,373
13072,410
13073,415
13074,377
13075,366
13076,385
13077,363
13078,323
13079,281
13080,272
13081,267
13082,239
13083,243
13084,245
13085,217
13086,195
13087,160
13088,160
13089,176
13090,154
13091,163
13092,161
13093,137
13094,141
13095,112
13096,115
13097,103
13098,117
13099,96
13100,97
13101,97
13102,74
13103,71
13104,74
13105,63
13106,49
13107,56
13108,44
13109,53
13110,37
13111,25
13112,26
13113,40
13114,24
13115,26
13116,25
13117,21
13118,14
13119,19
13120,37
13121,27
13122,32
13123,30
13124,33
13125,28
13126,22
13127,47
13128,45
13129,40
13130,40
13131,32
13132,40
13133,42
13134,51
13135,47
13136,39
13137,48
13138,54
13139,65
13140,56
13141,68
13142,71
13143,74
13144,60
13145,63
13146,63
13147,72
13148,67
13149,74
13150,81
13151,80
13152,75
13153,89
13154,98
13155,111
13156,112
13157,107
13158,100
13159,122
13160,127
13161,139
13162,163
13163,181
13164,157
13165,188
13166,224
13167,229
13168,213
13169,253
13170,216
13171,254
13172,247
13173,209
13174,221
13175,239
13176,243
13177,215
13178,193
13179,168
13180,189
13181,157
13182,167
13183,156
13184,138
13185,167
13186,161
13187,192
13188,176
13189,173
13190,181
13191,142
13192,158
13193,158
13194,143
13195,139
13196,161
13197,165
13198,189
13199,189
13200,171
13201,141
13202,140
13203,148
13204,108
13205,102
13206,131
13207,127
13208,112
13209,85
13210,86
13211,84
13212,70
13213,69
13214,60
13215,56
13216,70
13217,64
13218,64
13219,55
13220,51
13221,72
13222,71
13223,67
13224,56
13225,52
13226,73
13227,73
13228,62
13229,74
13230,65
13231,72
13232,52
13233,72
13234,64
13235,66
13236,61
13237,67
13238,71
13239,47
13240,45
13241,60
13242,77
13243,64
13244,71
13245,93
13246,86
13247,74
13248,85
13249,69
13250,95
13251,83
13252,108
13253,90
13254,103
13255,108
13256,127
13257,124
13258,117
13259,113
13260,119
13261,127
13262,144
13263,172
13264,153
13265,119
13266,137
13267,131
13268,145
13269,150
13270,166
13271,181
13272,150
13273,171
13274,126
13275,107
13276,115
13277,133
13278,99
13279,82
13280,68
13281,80
13282,78
13283,84
13284,90
13285,76
13286,81
13287,50
13288,65
13289,64
13290,71
13291,68
13292,65
13293,74
13294,69
13295,66
13296,75
13297,60
13298,73
13299,78
13300,71
13301,90
13302,76
13303,91
13304,65
13305,100
13306,91
13307,79
13308,80
13309,65
13310,67
13311,54
13312,59
13313,49
13314,44
13315,46
13316,32
13317,33
13318,27
13319,29
13320,41
13321,37
13322,26
13323,39
13324,39
13325,38
13326,35
13327,68
13328,78
13329,57
13330,73
13331,54
13332,55
13333,58
13334,69
13335,62
13336,63
13337,65
13338,52
13339,76
13340,76
13341,86
13342,105
13343,104
13344,96
13345,122
13346,120
13347,82
13348,82
13349,101
13350,94
13351,94
13352,74
13353,98
13354,85
13355,72
13356,89
13357,77
13358,84
13359,67
13360,57
13361,66
13362,61
13363,78
13364,80
13365,80
13366,89
13367,80
13368,91
13369,77
13370,93
13371,82
13372,77
13373,91
13374,78
13375,83
13376,86
13377,94
13378,78
13379,92
13380,108
13381,102
13382,123
13383,106
13384,102
13385,112
13386,119
13387,123
13388,151
13389,160
13390,139
13391,147
13392,127
13393,131
13394,121
13395,121
13396,118
13397,103
13398,91
13399,77
13400,91
13401,73
13402,81
13403,88
13404,63
13405,54
13406,45
13407,64
13408,60
13409,61
13410,79
13411,68
13412,78
13413,65
13414,68
13415,54
13416,73
13417,64
13418,96
13419,103
13420,133
13421,128
13422,122
13423,140
13424,90
13425,93
13426,102
13427,117
13428,107
13429,114
13430,72
13431,101
13432,126
13433,117
13434,91
13435,92
13436,67
13437,60
13438,55
13439,62
13440,45
13441,40
13442,51
13443,75
13444,60
13445,72
13446,54
13447,46
13448,42
13449,70
13450,70
13451,57
13452,56
13453,42
13454,60
13455,56
13456,79
13457,73
13458,94
13459,93
13460,97
13461,95
13462,75
13463,82
13464,81
13465,75
13466,100
13467,102
13468,96
13469,102
13470,102
13471,99
13472,80
13473,69
13474,80
13475,84
13476,69
13477,74
13478,80
13479,67
13480,65
13481,62
13482,68
13483,69
13484,89
13485,100
13486,104
13487,105
13488,130
13489,142
13490,160
13491,152
13492,151
13493,139
13494,152
13495,141
13496,117
13497,119
13498,88
13499,72
13500,61
13501,78
13502,84
13503,70
13504,75
13505,79
13506,80
13507,75
13508,81
13509,55
13510,70
13511,74
13512,63
13513,57
13514,53
13515,57
13516,45
13517,42
13518,56
13519,46
13520,41
13521,44
13522,53
13523,57
13524,54
13525,63
13526,43
13527,53
13528,49
13529,42
13530,61
13531,49
13532,49
13533,51
13534,64
13535,70
13536,70
13537,50
13538,58
13539,60
13540,50
13541,52
13542,69
13543,46
13544,58
13545,57
13546,60
13547,57
13548,46
13549,49
13550,72
13551,54
13552,61
13553,73
13554,61
13555,97
13556,84
13557,112
13558,145
13559,144
13560,183
13561,203
13562,243
13563,282
13564,267
13565,284
13566,271
13567,294
13568,314
13569,296
13570,268
13571,228
13572,183
13573,225
13574,225
13575,254
13576,224
13577,175
13578,141
13579,139
13580,139
13581,160
13582,146
13583,160
13584,145
13585,155
13586,142
13587,120
13588,140
13589,116
13590,119
13591,95
13592,97
13593,101
13594,93
13595,96
13596,95
13597,95
13598,91
13599,91
13600,60
13601,86
13602,72
13603,59
13604,69
13605,59
13606,60
13607,66
13608,44
13609,64
13610,47
13611,59
13612,50
13613,39
13614,65
13615,57
13616,66
13617,59
13618,64
13619,53
13620,69
13621,75
13622,83
13623,90
13624,105
13625,96
13626,102
13627,119
13628,110
13629,135
13630,127
13631,149
13632,140
13633,150
13634,152
13635,135
13636,104
13637,99
13638,108
13639,96
13640,102
13641,75
13642,106
13643,87
13644,107
13645,91
13646,90
13647,108
13648,126
13649,145
13650,132
13651,160
13652,135
13653,127
13654,142
13655,136
13656,136
13657,119
13658,123
13659,135
13660,162
13661,164
13662,211
13663,195
13664,200
13665,217
13666,217
13667,205
13668,211
13669,165
13670,181
13671,152
13672,146
13673,125
13674,118
13675,132
13676,140
13677,117
13678,136
13679,153
13680,125
13681,137
13682,147
13683,151
13684,172
13685,196
13686,218
13687,250
13688,276
13689,287
13690,259
13691,273
13692,237
13693,266
13694,241
13695,245
13696,246
13697,200
13698,173
13699,145
13700,135
13701,94
13702,133
13703,111
13704,123
13705,126
13706,119
13707,124
13708,174
13709,143
13710,139
13711,91
13712,98
13713,116
13714,80
13715,102
13716,95
13717,81
13718,76
13719,87
13720,88
13721,75
13722,66
13723,59
13724,66
13725,67
13726,61
13727,73
13728,63
13729,68
13730,61
13731,64
13732,77
13733,69
13734,93
13735,79
13736,68
13737,69
13738,60
13739,64
13740,71
13741,74
13742,55
13743,55
13744,70
13745,70
13746,68
13747,69
13748,74
13749,65
13750,81
13751,68
13752,90
13753,100
13754,82
13755,79
13756,90
13757,95
13758,93
13759,85
13760,83
13761,95
13762,115
13763,120
13764,106
13765,122
13766,122
13767,121
13768,100
13769,91
13770,98
13771,99
13772,86
13773,96
13774,93
13775,96
13776,95
13777,106
13778,88
13779,95
13780,77
13781,82
13782,87
13783,83
13784,80
13785,74
13786,90
13787,76
13788,87
13789,88
13790,90
13791,85
13792,81
13793,62
13794,60
13795,65
13796,65
13797,67
13798,66
13799,64
13800,60
13801,49
13802,46
13803,51
13804,59
13805,46
13806,50
13807,52
13808,55
13809,69
13810,52
13811,68
13812,76
13813,85
13814,91
13815,69
13816,70
13817,90
13818,89
13819,72
13820,93
13821,88
13822,86
13823,57
13824,84
13825,88
13826,84
13827,70
13828,75
13829,65
13830,68
13831,62
13832,47
13833,55
13834,52
13835,53
13836,55
13837,38
13838,38
13839,56
13840,55
13841,40
13842,44
13843,49
13844,33
13845,36
13846,52
13847,61
13848,55
13849,45
13850,65
13851,52
13852,57
13853,61
13854,82
13855,68
13856,71
13857,69
13858,76
13859,66
13860,54
13861,72
13862,90
13863,84
13864,86
13865,76
13866,75
13867,108
13868,135
13869,145
13870,147
13871,175
13872,184
13873,206
13874,212
13875,234
13876,247
13877,219
13878,214
13879,249
13880,229
13881,231
13882,230
13883,222
13884,225
13885,227
13886,221
13887,243
13888,240
13889,197
13890,191
13891,165
13892,138
13893,114
13894,124
13895,109
13896,115
13897,107
13898,125
13899,129
13900,116
13901,123
13902,92
13903,119
13904,84
13905,82
13906,85
13907,61
13908,61
13909,73
13910,60
13911,75
13912,78
13913,61
13914,80
13915,57
13916,67
13917,66
13918,71
13919,49
13920,54
13921,63
13922,61
13923,73
13924,60
13925,86
13926,79
13927,99
13928,93
13929,107
13930,105
13931,113
13932,151
13933,165
13934,175
13935,183
13936,219
13937,210
13938,227
13939,225
13940,181
13941,220
13942,244
13943,264
13944,287
13945,259
13946,307
13947,293
13948,311
13949,303
13950,334
13951,351
13952,330
13953,339
13954,337
13955,271
13956,294
13957,308
13958,292
13959,278
13960,296
13961,256
13962,276
13963,264
13964,282
13965,271
13966,272
13967,245
13968,244
13969,193
13970,188
13971,207
13972,183
13973,235
13974,234
13975,278
13976,253
13977,287
13978,292
13979,259
13980,188
13981,180
13982,172
13983,138
13984,150
13985,124
13986,168
13987,145
13988,131
13989,145
13990,161
13991,148
13992,147
13993,189
13994,194
13995,210
13996,187
13997,156
13998,187
13999,186
14000,182
14001,193
14002,201
14003,177
14004,156
14005,144
14006,134
14007,136
14008,146
14009,113
14010,129
14011,138
14012,136
14013,145
14014,135
14015,130
14016,128
14017,140
14018,118
14019,145
14020,140
14021,156
14022,147
14023,175
14024,196
14025,205
14026,197
14027,204
14028,193
14029,157
14030,170
14031,155
14032,144
14033,169
14034,187
14035,231
14036,238
14037,278
14038,324
14039,329
14040,381
14041,382
14042,351
14043,324
14044,304
14045,231
14046,176
14047,174
14048,138
14049,155
14050,190
14051,155
14052,140
14053,108
14054,86
14055,80
14056,84
14057,67
14058,54
14059,37
14060,46
14061,55
14062,54
14063,62
14064,52
14065,58
14066,56
14067,80
14068,83
14069,104
14070,95
14071,92
14072,95
14073,114
14074,141
14075,111
14076,131
14077,105
14078,119
14079,100
14080,110
14081,111
14082,104
14083,119
14084,105
14085,108
14086,92
14087,64
14088,86
14089,61
14090,42
14091,50
14092,43
14093,53
14094,42
14095,30
14096,41
14097,46
14098,37
14099,65
14100,53
14101,53
14102,44
14103,44
14104,78
14105,36
14106,50
14107,65
14108,69
14109,79
14110,101
14111,165
14112,216
14113,210
14114,210
14115,221
14116,232
14117,218
14118,264
14119,306
14120,283
14121,293
14122,327
14123,352
14124,347
14125,258
14126,284
14127,284
14128,274
14129,287
14130,303
14131,256
14132,240
14133,163
14134,140
14135,123
14136,135
14137,122
14138,136
14139,98
14140,95
14141,122
14142,114
14143,132
14144,137
14145,164
14146,107
14147,136
14148,122
14149,135
14150,128
14151,138
14152,128
14153,116
14154,123
14155,120
14156,126
14157,106
14158,92
14159,97
14160,86
14161,82
14162,52
14163,79
14164,76
14165,57
14166,56
14167,70
14168,56
14169,78
14170,91
14171,117
14172,116
14173,94
14174,115
14175,109
14176,112
14177,106
14178,96
14179,89
14180,106
14181,88
14182,87
14183,85
14184,76
14185,65
14186,72
14187,68
14188,45
14189,52
14190,51
14191,52
14192,48
14193,51
14194,67
14195,76
14196,57
14197,59
14198,86
14199,71
14200,75
14201,63
14202,76
14203,71
14204,81
14205,69
14206,80
14207,81
14208,72
14209,77
14210,86
14211,101
14212,119
14213,108
14214,112
14215,95
14216,87
14217,90
14218,95
14219,100
14220,100
14221,78
14222,93
14223,79
14224,71
14225,71
14226,78
14227,80
14228,56
14229,74
14230,51
14231,48
14232,55
14233,56
14234,62
14235,59
14236,70
14237,61
14238,54
14239,56
14240,62
14241,63
14242,50
14243,63
14244,45
14245,49
14246,54
14247,42
14248,56
14249,56
14250,52
14251,46
14252,42
14253,46
14254,61
14255,47
14256,37
14257,61
14258,61
14259,49
14260,50
14261,51
14262,59
14263,55
14264,50
14265,68
14266,64
14267,61
14268,50
14269,66
14270,53
14271,60
14272,56
14273,49
14274,53
14275,65
14276,60
14277,61
14278,57
14279,71
14280,53
14281,61
14282,67
14283,54
14284,64
14285,85
14286,90
14287,97
14288,111
14289,108
14290,105
14291,129
14292,117
14293,105
14294,125
14295,91
14296,72
14297,107
14298,104
14299,106
14300,115
14301,139
14302,130
14303,144
14304,177
14305,190
14306,202
14307,188
14308,206
14309,185
14310,203
14311,209
14312,212
14313,220
14314,211
14315,177
14316,181
14317,219
14318,226
14319,223
14320,209
14321,185
14322,199
14323,159
14324,128
14325,143
14326,130
14327,129
14328,134
14329,118
14330,133
14331,105
14332,117
14333,117
14334,121
14335,118
14336,93
14337,99
14338,78
14339,93
14340,70
14341,90
14342,102
14343,118
14344,109
14345,99
14346,95
14347,107
14348,112
14349,106
14350,100
14351,91
14352,103
14353,129
14354,135
14355,98
14356,107
14357,130
14358,140
14359,124
14360,144
14361,173
14362,150
14363,149
14364,156
14365,170
14366,194
14367,202
14368,224
14369,250
14370,244
14371,275
14372,211
14373,173
14374,209
14375,169
14376,174
14377,145
14378,180
14379,144
14380,136
14381,136
14382,139
14383,134
14384,147
14385,154
14386,163
14387,166
14388,223
14389,217
14390,256
14391,269
14392,197
14393,200
14394,175
14395,190
14396,156
14397,167
14398,153
14399,137
14400,131
14401,144
14402,115
14403,122
14404,123
14405,119
14406,100
14407,93
14408,89
14409,70
14410,75
14411,62
14412,79
14413,73
14414,75
14415,61
14416,58
14417,64
14418,47
14419,62
14420,57
14421,48
14422,56
14423,57
14424,69
14425,73
14426,98
14427,88
14428,74
14429,101
14430,95
14431,95
14432,95
14433,70
14434,73
14435,78
14436,67
14437,86
14438,58
14439,102
14440,105
14441,103
14442,144
14443,134
14444,114
14445,130
14446,118
14447,121
14448,108
14449,101
14450,87
14451,79
14452,89
14453,74
14454,89
14455,86
14456,76
14457,79
14458,73
14459,64
14460,94
14461,83
14462,91
14463,71
14464,83
14465,85
14466,66
14467,51
14468,65
14469,59
14470,67
14471,58
14472,38
14473,66
14474,69
14475,63
14476,65
14477,60
14478,58
14479,55
14480,65
14481,72
14482,67
14483,60
14484,62
14485,53
14486,39
14487,62
14488,52
14489,43
14490,38
14491,54
14492,60
14493,46
14494,65
14495,79
14496,73
14497,78
14498,95
14499,94
14500,88
14501,103
14502,88
14503,105
14504,106
14505,129
14506,149
14507,163
14508,164
14509,156
14510,166
14511,150
14512,148
14513,140
14514,153
14515,116
14516,122
14517,118
14518,97
14519,74
14520,75
14521,92
14522,99
14523,130
14524,127
14525,150
14526,132
14527,163
14528,143
14529,163
14530,161
14531,160
14532,159
14533,134
14534,109
14535,106
14536,106
14537,104
14538,94
14539,100
14540,120
14541,110
14542,110
14543,107
14544,90
14545,70
14546,70
14547,63
14548,56
14549,57
14550,48
14551,64
14552,62
14553,65
14554,61
14555,51
14556,71
14557,48
14558,43
14559,69
14560,78
14561,71
14562,87
14563,55
14564,80
14565,98
14566,93
14567,77
14568,77
14569,89
14570,56
14571,60
14572,74
14573,76
14574,78
14575,60
14576,67
14577,74
14578,69
14579,81
14580,84
14581,69
14582,86
14583,114
14584,135
14585,180
14586,176
14587,182
14588,160
14589,173
14590,160
14591,168
14592,140
14593,170
14594,157
14595,168
14596,151
14597,177
14598,163
14599,186
14600,198
14601,177
14602,193
14603,181
14604,200
14605,200
14606,242
14607,261
14608,256
14609,226
14610,220
14611,203
14612,240
14613,188
14614,215
14615,207
14616,194
14617,194
14618,181
14619,176
14620,173
14621,169
14622,150
14623,141
14624,125
14625,109
14626,121
14627,93
14628,97
14629,72
14630,97
14631,80
14632,73
14633,88
14634,80
14635,91
14636,78
14637,85
14638,91
14639,62
14640,66
14641,76
14642,78
14643,80
14644,71
14645,78
14646,86
14647,82
14648,121
14649,142
14650,168
14651,168
14652,176
14653,183
14654,177
14655,219
14656,219
14657,242
14658,204
14659,156
14660,132
14661,94
14662,116
14663,102
14664,107
14665,86
14666,126
14667,118
14668,127
14669,118
14670,139
14671,133
14672,114
14673,115
14674,122
14675,92
14676,132
14677,94
14678,113
14679,113
14680,112
14681,123
14682,137
14683,129
14684,134
14685,134
14686,117
14687,165
14688,143
14689,150
14690,157
14691,122
14692,123
14693,163
14694,159
14695,125
14696,148
14697,182
14698,164
14699,158
14700,164
14701,178
14702,156
14703,178
14704,182
14705,235
14706,229
14707,227
14708,232
14709,211
14710,240
14711,226
14712,237
14713,245
14714,214
14715,228
14716,181
14717,225
14718,206
14719,200
14720,179
14721,177
14722,216
14723,191
14724,177
14725,159
14726,171
14727,142
14728,196
14729,159
14730,184
14731,162
14732,188
14733,149
14734,147
14735,148
14736,131
14737,154
14738,113
14739,102
14740,99
14741,142
14742,104
14743,90
14744,114
14745,116
14746,119
14747,115
14748,127
14749,175
14750,204
14751,219
14752,240
14753,242
14754,230
14755,292
14756,306
14757,301
14758,253
14759,243
14760,257
14761,314
14762,336
14763,319
14764,304
14765,264
14766,214
14767,254
14768,217
14769,216
14770,253
14771,239
14772,252
14773,271
14774,245
14775,278
14776,313
14777,255
14778,277
14779,286
14780,248
14781,224
14782,245
14783,191
14784,199
14785,171
14786,153
14787,167
14788,151
14789,128
14790,132
14791,112
14792,102
14793,96
14794,116
14795,112
14796,111
14797,103
14798,94
14799,98
14800,101
14801,102
14802,76
14803,92
14804,57
14805,88
14806,81
14807,68
14808,92
14809,66
14810,72
14811,63
14812,79
14813,49
14814,48
14815,61
14816,46
14817,55
14818,47
14819,66
14820,66
14821,46
14822,47
14823,50
14824,62
14825,53
14826,65
14827,76
14828,76
14829,71
14830,90
14831,96
14832,111
14833,136
14834,99
14835,124
14836,111
14837,97
14838,91
14839,124
14840,108
14841,115
14842,110
14843,98
14844,86
14845,102
14846,93
14847,87
14848,96
14849,97
14850,107
14851,87
14852,83
14853,92
14854,86
14855,79
14856,119
14857,91
14858,104
14859,85
14860,70
14861,76
14862,81
14863,56
14864,81
14865,90
14866,70
14867,94
14868,68
14869,83
14870,105
14871,105
14872,149
14873,118
14874,141
14875,153
14876,168
14877,153
14878,162
14879,157
14880,149
14881,144
14882,118
14883,121
14884,123
14885,104
14886,99
14887,94
14888,84
14889,79
14890,62
14891,65
14892,68
14893,50
14894,44
14895,48
14896,49
14897,43
14898,47
14899,45
14900,58
14901,38
14902,45
14903,49
14904,30
14905,36
14906,56
14907,35
14908,40
14909,37
14910,31
14911,26
14912,37
14913,31
14914,33
14915,31
14916,35
14917,36
14918,29
14919,32
14920,45
14921,40
14922,40
14923,42
14924,37
14925,35
14926,48
14927,59
14928,50
14929,60
14930,58
14931,63
14932,54
14933,68
14934,55
14935,52
14936,31
14937,44
14938,42
14939,46
14940,31
14941,29
14942,31
14943,32
14944,30
14945,32
14946,30
14947,32
14948,29
14949,44
14950,47
14951,40
14952,42
14953,34
14954,58
14955,50
14956,77
14957,90
14958,98
14959,109
14960,89
14961,110
14962,73
14963,79
14964,80
14965,53
14966,55
14967,42
14968,65
14969,50
14970,61
14971,42
14972,47
14973,59
14974,58
14975,51
14976,57
14977,70
14978,73
14979,74
14980,80
14981,81
14982,80
14983,91
14984,92
14985,94
14986,105
14987,85
14988,95
14989,70
14990,62
14991,61
14992,64
14993,50
14994,46
14995,54
14996,39
14997,35
14998,35
14999,33
15000,31
15001,33
15002,26
15003,43
15004,36
15005,46
15006,41
15007,35
15008,39
15009,47
15010,40
15011,48
15012,38
15013,62
15014,44
15015,59
15016,64
15017,45
15018,38
15019,53
15020,61
15021,62
15022,56
15023,53
15024,68
15025,84
15026,59
15027,93
15028,94
15029,90
15030,108
15031,90
15032,87
15033,77
15034,72
15035,74
15036,95
15037,89
15038,100
15039,109
15040,96
15041,113
15042,138
15043,196
15044,161
15045,166
15046,153
15047,135
15048,145
15049,150
15050,163
15051,169
15052,134
15053,135
15054,97
15055,113
15056,97
15057,108
15058,118
15059,110
15060,118
15061,117
15062,112
15063,99
15064,111
15065,113
15066,125
15067,115
15068,133
15069,90
15070,99
15071,110
15072,102
15073,98
15074,100
15075,97
15076,94
15077,98
15078,82
15079,88
15080,70
15081,70
15082,51
15083,57
15084,56
15085,45
15086,46
15087,53
15088,52
15089,60
15090,59
15091,65
15092,59
15093,83
15094,62
15095,60
15096,65
15097,68
15098,72
15099,72
15100,75
15101,90
15102,92
15103,96
15104,107
15105,105
15106,130
15107,157
15108,133
15109,166
15110,161
15111,207
15112,226
15113,206
15114,202
15115,151
15116,172
15117,144
15118,127
15119,111
15120,123
15121,111
15122,141
15123,117
15124,120
15125,106
15126,126
15127,116
15128,117
15129,88
15130,98
15131,83
15132,84
15133,82
15134,91
15135,92
15136,87
15137,83
15138,83
15139,79
15140,81
15141,72
15142,72
15143,53
15144,55
15145,49
15146,43
15147,44
15148,50
15149,50
15150,43
15151,35
15152,30
15153,26
15154,35
15155,33
15156,42
15157,35
15158,41
15159,23
15160,37
15161,26
15162,26
15163,26
15164,31
15165,33
15166,40
15167,34
15168,36
15169,38
15170,44
15171,32
15172,25
15173,31
15174,29
15175,34
15176,32
15177,40
15178,38
15179,42
15180,33
15181,35
15182,46
15183,43
15184,52
15185,59
15186,77
15187,97
15188,88
15189,125
15190,111
15191,117
15192,108
15193,92
15194,118
15195,105
15196,115
15197,107
15198,126
15199,163
15200,131
15201,133
15202,139
15203,164
15204,145
15205,131
15206,134
15207,140
15208,194
15209,188
15210,189
15211,243
15212,208
15213,219
15214,234
15215,201
15216,180
15217,218
15218,212
15219,217
15220,232
15221,219
15222,231
15223,218
15224,230
15225,216
15226,210
15227,227
15228,204
15229,175
15230,159
15231,133
15232,151
15233,173
15234,173
15235,166
15236,172
15237,163
15238,139
15239,185
15240,218
15241,285
15242,317
15243,267
15244,275
15245,292
15246,276
15247,258
15248,228
15249,220
15250,176
15251,164
15252,154
15253,131
15254,129
15255,139
15256,124
15257,123
15258,126
15259,113
15260,82
15261,77
15262,70
15263,78
15264,79
15265,74
15266,76
15267,60
15268,66
15269,67
15270,73
15271,78
15272,80
15273,91
15274,101
15275,99
15276,114
15277,129
15278,135
15279,163
15280,192
15281,180
15282,183
15283,213
15284,203
15285,231
15286,237
15287,245
15288,267
15289,244
15290,234
15291,198
15292,191
15293,201
15294,206
15295,220
15296,182
15297,188
15298,165
15299,180
15300,176
15301,172
15302,161
15303,167
15304,183
15305,181
15306,184
15307,188
15308,174
15309,158
15310,134
15311,157
15312,144
15313,147
15314,177
15315,148
15316,126
15317,153
15318,125
15319,132
15320,123
15321,126
15322,118
15323,102
15324,108
15325,92
15326,97
15327,112
15328,89
15329,96
15330,76
15331,86
15332,81
15333,82
15334,91
15335,85
15336,97
15337,79
15338,79
15339,110
15340,113
15341,121
15342,109
15343,105
15344,110
15345,109
15346,111
15347,91
15348,119
15349,113
15350,124
15351,128
15352,131
15353,121
15354,121
15355,100
15356,108
15357,112
15358,95
15359,110
15360,108
15361,88
15362,108
15363,97
15364,107
15365,100
15366,90
15367,92
15368,92
15369,125
15370,108
15371,126
15372,126
15373,104
15374,129
15375,123
15376,129
15377,101
15378,104
15379,120
15380,86
15381,76
15382,96
15383,112
15384,110
15385,101
15386,105
15387,96
15388,96
15389,80
15390,89
15391,69
15392,67
15393,75
15394,66
15395,58
15396,52
15397,47
15398,58
15399,47
15400,70
15401,81
15402,74
15403,110
15404,107
15405,106
15406,124
15407,110
15408,127
15409,96
15410,87
15411,96
15412,78
15413,104
15414,108
15415,127
15416,119
15417,137
15418,137
15419,138
15420,176
15421,190
15422,186
15423,157
15424,172
15425,137
15426,112
15427,125
15428,104
15429,105
15430,106
15431,91
15432,78
15433,69
15434,96
15435,94
15436,102
15437,119
15438,125
15439,111
15440,113
15441,109
15442,122
15443,139
15444,128
15445,145
15446,151
15447,157
15448,187
15449,188
15450,215
15451,219
15452,221
15453,188
15454,246
15455,198
15456,211
15457,169
15458,204
15459,227
15460,254
15461,268
15462,299
15463,251
15464,226
15465,221
15466,191
15467,210
15468,220
15469,163
15470,164
15471,168
15472,166
15473,132
15474,149
15475,123
15476,125
15477,152
15478,169
15479,138
15480,160
15481,131
15482,141
15483,132
15484,104
15485,104
15486,91
15487,83
15488,69
15489,66
15490,66
15491,55
15492,63
15493,39
15494,46
15495,55
15496,48
15497,61
15498,59
15499,56
15500,49
15501,65
15502,56
15503,44
15504,47
15505,57
15506,50
15507,61
15508,61
15509,51
15510,45
15511,54
15512,59
15513,40
15514,28
15515,40
15516,36
15517,46
15518,46
15519,57
15520,63
15521,55
15522,61
15523,54
15524,49
15525,67
15526,70
15527,67
15528,79
15529,71
15530,74
15531,75
15532,75
15533,42
15534,50
15535,71
15536,71
15537,76
15538,73
15539,84
15540,80
15541,71
15542,68
15543,71
15544,82
15545,73
15546,70
15547,76
15548,62
15549,63
15550,96
15551,106
15552,109
15553,131
15554,132
15555,149
15556,145
15557,184
15558,190
15559,183
15560,219
15561,227
15562,240
15563,292
15564,312
15565,402
15566,460
15567,536
15568,544
15569,533
15570,568
15571,575
15572,604
15573,588
15574,658
15575,624
15576,683
15577,596
15578,616
15579,527
15580,512
15581,507
15582,409
15583,366
15584,317
15585,233
15586,238
15587,213
15588,207
15589,194
15590,184
15591,160
15592,147
15593,172
15594,115
15595,91
15596,95
15597,95
15598,119
15599,142
15600,135
15601,129
15602,78
15603,88
15604,85
15605,109
15606,101
15607,88
15608,97
15609,100
15610,114
15611,118
15612,107
15613,98
15614,105
15615,86
15616,77
15617,86
15618,66
15619,78
15620,96
15621,145
15622,146
15623,141
15624,135
15625,118
15626,113
15627,96
15628,116
15629,84
15630,90
15631,98
15632,102
15633,95
15634,71
15635,69
15636,93
15637,71
15638,63
15639,79
15640,60
15641,69
15642,56
15643,65
15644,56
15645,48
15646,59
15647,52
15648,40
15649,53
15650,42
15651,48
15652,33
15653,46
15654,53
15655,37
15656,60
15657,42
15658,45
15659,37
15660,46
15661,47
15662,44
15663,48
15664,41
15665,48
15666,36
15667,61
15668,56
15669,57
15670,57
15671,64
15672,45
15673,52
15674,60
15675,53
15676,62
15677,64
15678,70
15679,61
15680,65
15681,75
15682,62
15683,69
15684,67
15685,79
15686,74
15687,100
15688,101
15689,112
15690,96
15691,111
15692,111
15693,93
15694,116
15695,114
15696,121
15697,125
15698,84
15699,78
15700,61
15701,54
15702,68
15703,71
15704,62
15705,60
15706,53
15707,63
15708,75
15709,69
15710,76
15711,55
15712,71
15713,78
15714,105
15715,96
15716,102
15717,111
15718,136
15719,111
15720,129
15721,133
15722,168
15723,180
15724,197
15725,207
15726,244
15727,270
15728,262
15729,268
15730,240
15731,216
15732,195
15733,161
15734,182
15735,166
15736,143
15737,114
15738,105
15739,100
15740,104
15741,76
15742,86
15743,73
15744,59
15745,56
15746,61
15747,68
15748,50
15749,37
15750,48
15751,29
15752,33
15753,23
15754,44
15755,19
15756,40
15757,36
15758,45
15759,55
15760,57
15761,58
15762,75
15763,73
15764,82
15765,82
15766,81
15767,91
15768,85
15769,76
15770,82
15771,66
15772,56
15773,50
15774,64
15775,54
15776,57
15777,39
15778,47
15779,67
15780,51
15781,68
15782,67
15783,71
15784,62
15785,74
15786,83
15787,68
15788,74
15789,87
15790,96
15791,100
15792,96
15793,90
15794,73
15795,79
15796,83
15797,95
15798,108
15799,152
15800,185
15801,193
15802,205
15803,182
15804,189
15805,162
15806,173
15807,133
15808,136
15809,123
15810,85
15811,87
15812,61
15813,60
15814,74
15815,62
15816,52
15817,64
15818,82
15819,65
15820,72
15821,67
15822,76
15823,54
15824,63
15825,79
15826,65
15827,63
15828,53
15829,55
15830,61
15831,54
15832,65
15833,69
15834,62
15835,54
15836,59
15837,65
15838,75
15839,71
15840,80
15841,94
15842,79
15843,94
15844,106
15845,119
15846,99
15847,125
15848,142
15849,95
15850,99
15851,79
15852,85
15853,57
15854,61
15855,54
15856,36
15857,51
15858,49
15859,45
15860,54
15861,58
15862,48
15863,63
15864,44
15865,51
15866,34
15867,54
15868,47
15869,49
15870,53
15871,67
15872,50
15873,55
15874,51
15875,74
15876,79
15877,90
15878,82
15879,84
15880,69
15881,81
15882,79
15883,86
15884,87
15885,67
15886,62
15887,59
15888,69
15889,63
15890,84
15891,63
15892,77
15893,75
15894,94
15895,105
15896,93
15897,109
15898,81
15899,96
15900,118
15901,134
15902,110
15903,107
15904,95
15905,69
15906,73
15907,84
15908,65
15909,72
15910,63
15911,62
15912,77
15913,59
15914,56
15915,64
15916,67
15917,83
15918,82
15919,77
15920,103
15921,147
15922,146
15923,134
15924,145
15925,143
15926,144
15927,114
15928,112
15929,110
15930,90
15931,79
15932,71
15933,86
15934,85
15935,74
15936,87
15937,74
15938,80
15939,78
15940,62
15941,68
15942,80
15943,57
15944,56
15945,77
15946,48
15947,49
15948,42
15949,42
15950,41
15951,39
15952,46
15953,39
15954,49
15955,54
15956,37
15957,44
15958,33
15959,43
15960,36
15961,43
15962,35
15963,52
15964,41
15965,60
15966,61
15967,65
15968,54
15969,69
15970,57
15971,79
15972,76
15973,82
15974,83
15975,69
15976,80
15977,50
15978,68
15979,80
15980,75
15981,84
15982,75
15983,66
15984,74
15985,79
15986,87
15987,84
15988,92
15989,83
15990,96
15991,68
15992,66
15993,77
15994,79
15995,64
15996,55
15997,64
15998,74
15999,70
16000,64
16001,68
16002,67
16003,76
16004,64
16005,82
16006,58
16007,70
16008,70
16009,66
16010,61
16011,70
16012,51
16013,56
16014,54
16015,51
16016,63
16017,63
16018,63
16019,63
16020,76
16021,73
16022,39
16023,65
16024,49
16025,59
16026,54
16027,55
16028,49
16029,67
16030,51
16031,65
16032,50
16033,65
16034,58
16035,82
16036,72
16037,50
16038,61
16039,81
16040,77
16041,96
16042,93
16043,111
16044,117
16045,128
16046,121
16047,123
16048,112
16049,149
16050,134
16051,139
16052,149
16053,163
16054,144
16055,151
16056,154
16057,141
16058,144
16059,165
16060,194
16061,187
16062,212
16063,201
16064,179
16065,133
16066,184
16067,165
16068,191
16069,182
16070,209
16071,177
16072,171
16073,155
16074,130
16075,110
16076,111
16077,104
16078,107
16079,102
16080,73
16081,90
16082,71
16083,67
16084,80
16085,74
16086,102
16087,82
16088,55
16089,60
16090,48
16091,34
16092,70
16093,48
16094,59
16095,41
16096,46
16097,50
16098,52
16099,59
16100,68
16101,72
16102,71
16103,79
16104,96
16105,82
16106,57
16107,68
16108,103
16109,87
16110,80
16111,102
16112,82
16113,109
16114,101
16115,113
16116,120
16117,122
16118,118
16119,127
16120,133
16121,131
16122,106
16123,121
16124,114
16125,125
16126,113
16127,115
16128,102
16129,98
16130,106
16131,86
16132,93
16133,92
16134,89
16135,74
16136,69
16137,68
16138,67
16139,56
16140,71
16141,59
16142,62
16143,67
16144,50
16145,63
16146,74
16147,72
16148,78
16149,75
16150,80
16151,90
16152,75
16153,87
16154,95
16155,103
16156,105
16157,95
16158,99
16159,70
16160,74
16161,50
16162,47
16163,35
16164,41
16165,40
16166,41
16167,40
16168,33
16169,26
16170,36
16171,19
16172,23
16173,36
16174,30
16175,32
16176,52
16177,44
16178,57
16179,59
16180,46
16181,45
16182,47
16183,48
16184,53
16185,68
16186,67
16187,82
16188,65
16189,67
16190,67
16191,87
16192,84
16193,78
16194,80
16195,73
16196,91
16197,84
16198,75
16199,80
16200,88
16201,91
16202,88
16203,82
16204,85
16205,75
16206,75
16207,81
16208,44
16209,65
16210,62
16211,72
16212,76
16213,79
16214,77
16215,102
16216,84
16217,86
16218,116
16219,87
16220,90
16221,77
16222,100
16223,94
16224,98
16225,99
16226,109
16227,104
16228,129
16229,123
16230,132
16231,148
16232,157
16233,140
16234,199
16235,202
16236,207
16237,246
16238,217
16239,242
16240,234
16241,233
16242,231
16243,232
16244,299
16245,294
16246,312
16247,296
16248,345
16249,300
16250,326
16251,358
16252,338
16253,357
16254,310
16255,266
16256,316
16257,241
16258,261
16259,278
16260,272
16261,260
16262,260
16263,288
16264,275
16265,280
16266,277
16267,290
16268,247
16269,217
16270,211
16271,169
16272,185
16273,132
16274,120
16275,113
16276,134
16277,121
16278,123
16279,186
16280,202
16281,220
16282,253
16283,288
16284,284
16285,346
16286,329
16287,325
16288,359
16289,436
16290,533
16291,584
16292,569
16293,522
16294,486
16295,419
16296,402
16297,388
16298,439
16299,420
16300,389
16301,381
16302,340
16303,343
16304,283
16305,225
16306,199
16307,204
16308,195
16309,209
16310,222
16311,239
16312,247
16313,268
16314,212
16315,195
16316,174
16317,146
16318,142
16319,141
16320,106
16321,116
16322,93
16323,87
16324,83
16325,73
16326,72
16327,61
16328,56
16329,71
16330,85
16331,71
16332,118
16333,146
16334,184
16335,230
16336,281
16337,274
16338,245
16339,293
16340,255
16341,271
16342,201
16343,200
16344,217
16345,183
16346,165
16347,170
16348,157
16349,158
16350,151
16351,134
16352,141
16353,144
16354,133
16355,158
16356,160
16357,167
16358,161
16359,253
16360,207
16361,258
16362,250
16363,209
16364,226
16365,236
16366,221
16367,233
16368,243
16369,282
16370,313
16371,403
16372,408
16373,419
16374,403
16375,343
16376,353
16377,312
16378,266
16379,242
16380,224
16381,205
16382,178
16383,133
16384,134
16385,111
16386,96
16387,77
16388,79
16389,68
16390,65
16391,64
16392,63
16393,68
16394,71
16395,53
16396,53
16397,48
16398,61
16399,60
16400,48
16401,35
16402,38
16403,37
16404,29
16405,36
16406,38
16407,29
16408,34
16409,34
16410,33
16411,39
16412,48
16413,40
16414,53
16415,59
16416,52
16417,42
16418,28
16419,40
16420,37
16421,45
16422,44
16423,30
16424,35
16425,36
16426,54
16427,61
16428,69
16429,62
16430,68
16431,52
16432,67
16433,55
16434,96
16435,93
16436,96
16437,104
16438,110
16439,100
16440,82
16441,63
16442,72
16443,67
16444,65
16445,69
16446,63
16447,63
16448,66
16449,55
16450,51
16451,69
16452,46
16453,49
16454,43
16455,68
16456,57
16457,89
16458,70
16459,84
16460,90
16461,121
16462,105
16463,145
16464,152
16465,157
16466,124
16467,177
16468,183
16469,163
16470,177
16471,167
16472,165
16473,227
16474,246
16475,282
16476,289
16477,307
16478,287
16479,298
16480,302
16481,350
16482,281
16483,238
16484,269
16485,266
16486,313
16487,355
16488,416
16489,451
16490,462
16491,495
16492,474
16493,488
16494,459
16495,425
16496,424
16497,380
16498,407
16499,352
16500,336
16501,322
16502,248
16503,212
16504,183
16505,144
16506,140
16507,108
16508,94
16509,108
16510,128
16511,113
16512,121
16513,96
16514,99
16515,100
16516,138
16517,100
16518,113
16519,94
16520,80
16521,92
16522,77
16523,68
16524,60
16525,72
16526,83
16527,87
16528,63
16529,69
16530,50
16531,63
16532,48
16533,67
16534,58
16535,56
16536,71
16537,57
16538,62
16539,75
16540,64
16541,69
16542,66
16543,61
16544,72
16545,67
16546,65
16547,44
16548,53
16549,46
16550,62
16551,46
16552,61
16553,61
16554,72
16555,64
16556,62
16557,56
16558,56
16559,46
16560,40
16561,56
16562,54
16563,44
16564,51
16565,55
16566,55
16567,42
16568,53
16569,50
16570,60
16571,67
16572,54
16573,54
16574,63
16575,59
16576,72
16577,67
16578,83
16579,77
16580,99
16581,100
16582,93
16583,94
16584,103
16585,110
16586,107
16587,101
16588,90
16589,91
16590,120
16591,126
16592,143
16593,146
16594,171
16595,204
16596,230
16597,239
16598,228
16599,214
16600,205
16601,210
16602,193
16603,193
16604,215
16605,190
16606,219
16607,204
16608,199
16609,244
16610,226
16611,249
16612,207
16613,257
16614,190
16615,177
16616,185
16617,155
16618,147
16619,154
16620,134
16621,120
16622,129
16623,166
16624,129
16625,127
16626,115
16627,99
16628,104
16629,88
16630,117
16631,123
16632,125
16633,121
16634,113
16635,94
16636,94
16637,76
16638,84
16639,77
16640,77
16641,86
16642,107
16643,102
16644,88
16645,70
16646,84
16647,53
16648,58
16649,61
16650,71
16651,48
16652,41
16653,42
16654,41
16655,25
16656,43
16657,52
16658,43
16659,54
16660,51
16661,44
16662,61
16663,53
16664,58
16665,57
16666,50
16667,59
16668,44
16669,55
16670,69
16671,47
16672,50
16673,59
16674,45
16675,51
16676,59
16677,51
16678,51
16679,54
16680,49
16681,47
16682,45
16683,29
16684,47
16685,33
16686,39
16687,41
16688,30
16689,34
16690,32
16691,38
16692,35
16693,46
16694,43
16695,49
16696,43
16697,51
16698,39
16699,48
16700,43
16701,50
16702,40
16703,46
16704,41
16705,48
16706,56
16707,63
16708,74
16709,88
16710,81
16711,79
16712,77
16713,77
16714,85
16715,60
16716,78
16717,70
16718,100
16719,104
16720,106
16721,102
16722,92
16723,110
16724,104
16725,100
16726,83
16727,83
16728,86
16729,79
16730,86
16731,74
16732,72
16733,92
16734,76
16735,111
16736,84
16737,99
16738,121
16739,107
16740,126
16741,144
16742,142
16743,145
16744,141
16745,134
16746,173
16747,197
16748,175
16749,183
16750,233
16751,225
16752,191
16753,199
16754,201
16755,174
16756,180
16757,200
16758,205
16759,177
16760,180
16761,179
16762,160
16763,137
16764,131
16765,115
16766,115
16767,135
16768,126
16769,117
16770,134
16771,123
16772,135
16773,134
16774,131
16775,134
16776,136
16777,137
16778,134
16779,152
16780,141
16781,107
16782,99
16783,149
16784,127
16785,136
16786,127
16787,120
16788,131
16789,118
16790,118
16791,157
16792,129
16793,149
16794,139
16795,157
16796,148
16797,172
16798,179
16799,149
16800,159
16801,142
16802,157
16803,127
16804,146
16805,161
16806,162
16807,189
16808,171
16809,150
16810,134
16811,115
16812,144
16813,108
16814,107
16815,117
16816,122
16817,132
16818,145
16819,165
16820,155
16821,144
16822,136
16823,148
16824,141
16825,131
16826,127
16827,125
16828,122
16829,122
16830,124
16831,107
16832,115
16833,125
16834,144
16835,164
16836,194
16837,211
16838,177
16839,214
16840,210
16841,224
16842,202
16843,164
16844,182
16845,154
16846,165
16847,176
16848,186
16849,218
16850,165
16851,199
16852,229
16853,235
16854,272
16855,352
16856,399
16857,409
16858,517
16859,473
16860,529
16861,512
16862,551
16863,653
16864,696
16865,747
16866,769
16867,767
16868,692
16869,676
16870,615
16871,688
16872,723
16873,690
16874,633
16875,561
16876,482
16877,499
16878,418
16879,432
16880,427
16881,369
16882,310
16883,326
16884,345
16885,392
16886,341
16887,293
16888,259
16889,228
16890,177
16891,198
16892,152
16893,190
16894,233
16895,306
16896,321
16897,408
16898,462
16899,396
16900,436
16901,471
16902,460
16903,495
16904,607
16905,570
16906,531
16907,505
16908,452
16909,415
16910,385
16911,349
16912,281
16913,270
16914,259
16915,239
16916,241
16917,267
16918,259
16919,263
16920,256
16921,252
16922,206
16923,184
16924,144
16925,151
16926,132
16927,112
16928,125
16929,118
16930,89
16931,103
16932,90
16933,82
16934,57
16935,58
16936,71
16937,64
16938,67
16939,53
16940,88
16941,72
16942,72
16943,78
16944,67
16945,83
16946,100
16947,94
16948,121
16949,125
16950,144
16951,141
16952,118
16953,119
16954,129
16955,108
16956,139
16957,127
16958,131
16959,100
16960,139
16961,112
16962,106
16963,97
16964,108
16965,132
16966,100
16967,99
16968,124
16969,98
16970,90
16971,110
16972,121
16973,134
16974,123
16975,133
16976,125
16977,127
16978,113
16979,103
16980,101
16981,105
16982,97
16983,92
16984,96
16985,81
16986,95
16987,67
16988,69
16989,67
16990,54
16991,57
16992,48
16993,40
16994,39
16995,44
16996,29
16997,35
16998,41
16999,34
17000,30
17001,34
17002,38
17003,42
17004,40
17005,35
17006,41
17007,45
17008,45
17009,33
17010,31
17011,30
17012,35
17013,35
17014,55
17015,35
17016,53
17017,46
17018,53
17019,46
17020,50
17021,55
17022,48
17023,66
17024,60
17025,73
17026,67
17027,65
17028,57
17029,54
17030,76
17031,53
17032,64
17033,62
17034,86
17035,124
17036,90
17037,116
17038,120
17039,127
17040,153
17041,150
17042,161
17043,202
17044,223
17045,230
17046,260
17047,256
17048,250
17049,261
17050,245
17051,237
17052,253
17053,237
17054,211
17055,194
17056,159
17057,174
17058,200
17059,176
17060,178
17061,185
17062,143
17063,132
17064,109
17065,91
17066,108
17067,132
17068,91
17069,68
17070,92
17071,91
17072,84
17073,111
17074,91
17075,118
17076,129
17077,117
17078,119
17079,139
17080,126
17081,143
17082,156
17083,168
17084,181
17085,166
17086,144
17087,184
17088,193
17089,176
17090,200
17091,195
17092,221
17093,187
17094,168
17095,160
17096,134
17097,132
17098,136
17099,133
17100,105
17101,102
17102,93
17103,103
17104,89
17105,83
17106,74
17107,60
17108,67
17109,55
17110,76
17111,66
17112,75
17113,65
17114,77
17115,83
17116,67
17117,58
17118,63
17119,44
17120,55
17121,81
17122,62
17123,42
17124,66
17125,58
17126,67
17127,55
17128,45
17129,66
17130,72
17131,101
17132,122
17133,146
17134,154
17135,202
17136,193
17137,207
17138,185
17139,188
17140,203
17141,224
17142,244
17143,234
17144,249
17145,221
17146,240
17147,238
17148,183
17149,201
17150,197
17151,228
17152,271
17153,241
17154,233
17155,226
17156,184
17157,191
17158,176
17159,169
17160,172
17161,190
17162,193
17163,139
17164,134
17165,171
17166,158
17167,146
17168,149
17169,133
17170,130
17171,100
17172,118
17173,103
17174,114
17175,101
17176,108
17177,112
17178,121
17179,155
17180,152
17181,241
17182,196
17183,207
17184,173
17185,191
17186,196
17187,191
17188,188
17189,157
17190,153
17191,170
17192,157
17193,169
17194,212
17195,196
17196,215
17197,227
17198,244
17199,277
17200,287
17201,250
17202,259
17203,263
17204,277
17205,264
17206,235
17207,243
17208,220
17209,190
17210,180
17211,166
17212,144
17213,141
17214,130
17215,98
17216,131
17217,117
17218,130
17219,126
17220,105
17221,81
17222,88
17223,95
17224,101
17225,85
17226,86
17227,96
17228,103
17229,108
17230,126
17231,150
17232,136
17233,156
17234,143
17235,149
17236,115
17237,117
17238,98
17239,75
17240,95
17241,84
17242,82
17243,85
17244,81
17245,73
17246,69
17247,65
17248,58
17249,58
17250,57
17251,55
17252,56
17253,54
17254,56
17255,63
17256,53
17257,77
17258,63
17259,69
17260,82
17261,94
17262,119
17263,131
17264,139
17265,123
17266,115
17267,140
17268,114
17269,150
17270,142
17271,168
17272,183
17273,177
17274,179
17275,187
17276,154
17277,186
17278,163
17279,158
17280,166
17281,135
17282,110
17283,140
17284,123
17285,98
17286,111
17287,101
17288,97
17289,88
17290,92
17291,93
17292,61
17293,81
17294,68
17295,92
17296,101
17297,88
17298,83
17299,103
17300,110
17301,115
17302,115
17303,105
17304,113
17305,106
17306,116
17307,127
17308,117
17309,124
17310,103
17311,114
17312,118
17313,111
17314,139
17315,144
17316,138
17317,124
17318,150
17319,156
17320,161
17321,158
17322,143
17323,166
17324,160
17325,172
17326,185
17327,189
17328,179
17329,171
17330,220
17331,283
17332,273
17333,306
17334,239
17335,260
17336,301
17337,278
17338,256
17339,288
17340,256
17341,233
17342,238
17343,267
17344,277
17345,269
17346,276
17347,272
17348,265
17349,256
17350,266
17351,259
17352,267
17353,317
17354,355
17355,336
17356,410
17357,451
17358,455
17359,510
17360,460
17361,524
17362,559
17363,575
17364,567
17365,641
17366,569
17367,596
17368,579
17369,549
17370,526
17371,486
17372,447
17373,455
17374,393
17375,376
17376,326
17377,265
17378,241
17379,205
17380,207
17381,194
17382,149
17383,145
17384,196
17385,237
17386,286
17387,308
17388,334
17389,343
17390,345
17391,354
17392,412
17393,424
17394,419
17395,451
17396,493
17397,460
17398,515
17399,550
17400,591
17401,621
17402,694
17403,694
17404,642
17405,526
17406,458
17407,445
17408,397
17409,304
17410,298
17411,224
17412,182
17413,141
17414,106
17415,115
17416,127
17417,116
17418,129
17419,114
17420,98
17421,105
17422,123
17423,101
17424,85
17425,75
17426,84
17427,106
17428,91
17429,105
17430,126
17431,124
17432,140
17433,109
17434,95
17435,122
17436,96
17437,88
17438,85
17439,73
17440,70
17441,60
17442,66
17443,57
17444,56
17445,43
17446,57
17447,61
17448,63
17449,47
17450,40
17451,49
17452,43
17453,40
17454,24
17455,34
17456,41
17457,25
17458,31
17459,33
17460,44
17461,47
17462,47
17463,77
17464,84
17465,88
17466,81
17467,96
17468,110
17469,122
17470,137
17471,128
17472,165
17473,151
17474,143
17475,162
17476,174
17477,145
17478,154
17479,114
17480,112
17481,95
17482,95
17483,99
17484,89
17485,86
17486,79
17487,81
17488,91
17489,104
17490,109
17491,96
17492,104
17493,93
17494,94
17495,104
17496,102
17497,111
17498,108
17499,119
17500,114
17501,89
17502,77
17503,72
17504,69
17505,57
17506,60
17507,51
17508,55
17509,68
17510,81
17511,72
17512,65
17513,89
17514,104
17515,76
17516,99
17517,94
17518,95
17519,90
17520,111
17521,118
17522,118
17523,135
17524,111
17525,94
17526,109
17527,117
17528,102
17529,96
17530,129
17531,97
17532,127
17533,147
17534,130
17535,113
17536,111
17537,141
17538,136
17539,97
17540,161
17541,169
17542,214
17543,272
17544,272
17545,306
17546,353
17547,333
17548,335
17549,372
17550,346
17551,375
17552,341
17553,370
17554,363
17555,350
17556,390
17557,327
17558,344
17559,309
17560,295
17561,227
17562,210
17563,192
17564,156
17565,127
17566,99
17567,107
17568,85
17569,68
17570,62
17571,63
17572,43
17573,59
17574,50
17575,46
17576,33
17577,39
17578,33
17579,33
17580,44
17581,36
17582,37
17583,35
17584,47
17585,49
17586,47
17587,48
17588,27
17589,55
17590,46
17591,44
17592,41
17593,46
17594,55
17595,41
17596,49
17597,42
17598,47
17599,29
17600,42
17601,37
17602,40
17603,33
17604,37
17605,43
17606,42
17607,39
17608,36
17609,37
17610,26
17611,39
17612,49
17613,38
17614,37
17615,39
17616,45
17617,56
17618,51
17619,48
17620,57
17621,79
17622,56
17623,107
17624,94
17625,111
17626,146
17627,163
17628,168
17629,179
17630,149
17631,148
17632,143
17633,176
17634,170
17635,197
17636,177
17637,169
17638,145
17639,147
17640,120
17641,102
17642,76
17643,77
17644,93
17645,75
17646,72
17647,85
17648,79
17649,66
17650,73
17651,66
17652,58
17653,72
17654,80
17655,86
17656,84
17657,101
17658,111
17659,148
17660,143
17661,156
17662,197
17663,233
17664,212
17665,230
17666,220
17667,233
17668,219
17669,245
17670,236
17671,260
17672,229
17673,198
17674,226
17675,194
17676,201
17677,209
17678,143
17679,146
17680,153
17681,146
17682,112
17683,108
17684,114
17685,99
17686,131
17687,102
17688,102
17689,86
17690,76
17691,83
17692,91
17693,51
17694,58
17695,80
17696,58
17697,71
17698,54
17699,58
17700,58
17701,48
17702,60
17703,47
17704,55
17705,51
17706,42
17707,58
17708,54
17709,47
17710,58
17711,40
17712,60
17713,63
17714,55
17715,67
17716,57
17717,55
17718,63
17719,78
17720,62
17721,76
17722,52
17723,69
17724,67
17725,75
17726,69
17727,65
17728,90
17729,76
17730,85
17731,86
17732,82
17733,93
17734,90
17735,80
17736,92
17737,110
17738,114
17739,124
17740,126
17741,143
17742,158
17743,161
17744,197
17745,207
17746,227
17747,268
17748,241
17749,252
17750,279
17751,283
17752,282
17753,318
17754,362
17755,332
17756,318
17757,307
17758,321
17759,307
17760,269
17761,257
17762,278
17763,233
17764,251
17765,230
17766,253
17767,277
17768,289
17769,355
17770,305
17771,324
17772,353
17773,382
17774,361
17775,351
17776,395
17777,416
17778,420
17779,479
17780,501
17781,483
17782,519
17783,545
17784,573
17785,556
17786,553
17787,613
17788,598
17789,588
17790,533
17791,533
17792,455
17793,403
17794,394
17795,357
17796,373
17797,357
17798,294
17799,289
17800,279
17801,277
17802,283
17803,261
17804,275
17805,265
17806,208
17807,175
17808,171
17809,134
17810,133
17811,126
17812,118
17813,131
17814,119
17815,116
17816,99
17817,131
17818,116
17819,128
17820,122
17821,112
17822,104
17823,100
17824,87
17825,101
17826,77
17827,92
17828,64
17829,79
17830,59
17831,61
17832,103
17833,96
17834,78
17835,94
17836,83
17837,80
17838,74
17839,69
17840,65
17841,74
17842,76
17843,84
17844,79
17845,79
17846,91
17847,65
17848,88
17849,100
17850,70
17851,90
17852,113
17853,108
17854,125
17855,132
17856,111
17857,98
17858,95
17859,96
17860,111
17861,105
17862,102
17863,111
17864,106
17865,75
17866,68
17867,71
17868,89
17869,56
17870,60
17871,67
17872,73
17873,56
17874,71
17875,59
17876,58
17877,61
17878,56
17879,76
17880,69
17881,49
17882,67
17883,65
17884,48
17885,63
17886,57
17887,68
17888,46
17889,51
17890,53
17891,57
17892,40
17893,49
17894,50
17895,42
17896,54
17897,52
17898,61
17899,56
17900,63
17901,59
17902,55
17903,71
17904,56
17905,57
17906,47
17907,60
17908,68
17909,83
17910,87
17911,81
17912,80
17913,82
17914,88
17915,76
17916,93
17917,94
17918,103
17919,99
17920,113
17921,76
17922,89
17923,109
17924,86
17925,91
17926,114
17927,90
17928,94
17929,117
17930,127
17931,116
17932,112
17933,117
17934,121
17935,131
17936,136
17937,112
17938,127
17939,100
17940,104
17941,81
17942,72
17943,67
17944,62
17945,57
17946,57
17947,40
17948,42
17949,61
17950,40
17951,52
17952,58
17953,56
17954,60
17955,53
17956,52
17957,58
17958,48
17959,59
17960,56
17961,46
17962,43
17963,44
17964,30
17965,50
17966,34
17967,43
17968,33
17969,32
17970,36
17971,30
17972,28
17973,31
17974,28
17975,39
17976,29
17977,38
17978,33
17979,32
17980,46
17981,38
17982,27
17983,51
17984,38
17985,33
17986,42
17987,36
17988,38
17989,35
17990,31
17991,50
17992,43
17993,40
17994,37
17995,33
17996,48
17997,43
17998,41
17999,48
18000,44
18001,56
18002,44
18003,58
18004,46
18005,44
18006,31
18007,48
18008,46
18009,49
18010,73
18011,59
18012,69
18013,46
18014,49
18015,62
18016,52
18017,52
18018,55
18019,51
18020,51
18021,56
18022,57
18023,55
18024,48
18025,46
18026,48
18027,44
18028,46
18029,31
18030,40
18031,38
18032,36
18033,34
18034,46
18035,49
18036,41
18037,49
18038,56
18039,58
18040,59
18041,64
18042,55
18043,55
18044,68
18045,66
18046,62
18047,54
18048,66
18049,49
18050,75
18051,75
18052,87
18053,73
18054,85
18055,96
18056,97
18057,116
18058,109
18059,140
18060,132
18061,126
18062,111
18063,121
18064,124
18065,103
18066,123
18067,131
18068,140
18069,132
18070,155
18071,127
18072,115
18073,145
18074,142
18075,171
18076,146
18077,135
18078,104
18079,116
18080,124
18081,95
18082,109
18083,104
18084,121
18085,124
18086,138
18087,137
18088,128
18089,138
18090,168
18091,156
18092,178
18093,192
18094,194
18095,163
18096,202
18097,182
18098,183
18099,185
18100,138
18101,139
18102,125
18103,100
18104,106
18105,111
18106,86
18107,70
18108,79
18109,111
18110,89
18111,90
18112,113
18113,111
18114,117
18115,127
18116,124
18117,112
18118,111
18119,114
18120,106
18121,110
18122,92
18123,99
18124,101
18125,91
18126,112
18127,98
18128,110
18129,84
18130,81
18131,78
18132,64
18133,72
18134,69
18135,56
18136,70
18137,82
18138,82
18139,100
18140,80
18141,76
18142,87
18143,115
18144,88
18145,83
18146,113
18147,101
18148,99
18149,98
18150,121
18151,112
18152,129
18153,149
18154,151
18155,185
18156,180
18157,187
18158,176
18159,177
18160,182
18161,174
18162,176
18163,170
18164,172
18165,165
18166,159
18167,190
18168,157
18169,165
18170,164
18171,194
18172,193
18173,166
18174,171
18175,139
18176,146
18177,120
18178,118
18179,124
18180,104
18181,84
18182,120
18183,97
18184,84
18185,90
18186,74
18187,73
18188,72
18189,77
18190,67
18191,55
18192,77
18193,79
18194,88
18195,86
18196,86
18197,71
18198,81
18199,66
18200,79
18201,48
18202,66
18203,63
18204,61
18205,74
18206,73
18207,72
18208,73
18209,99
18210,105
18211,122
18212,139
18213,151
18214,150
18215,157
18216,111
18217,111
18218,80
18219,75
18220,99
18221,90
18222,87
18223,86
18224,76
18225,92
18226,86
18227,95
18228,112
18229,138
18230,119
18231,147
18232,155
18233,153
18234,140
18235,146
18236,167
18237,146
18238,154
18239,153
18240,188
18241,176
18242,193
18243,195
18244,171
18245,161
18246,172
18247,132
18248,107
18249,113
18250,76
18251,84
18252,88
18253,107
18254,88
18255,99
18256,94
18257,90
18258,113
18259,129
18260,129
18261,155
18262,161
18263,157
18264,163
18265,181
18266,178
18267,213
18268,194
18269,243
18270,249
18271,221
18272,175
18273,211
18274,197
18275,170
18276,176
18277,141
18278,146
18279,124
18280,98
18281,80
18282,84
18283,66
18284,88
18285,88
18286,82
18287,83
18288,86
18289,95
18290,90
18291,83
18292,86
18293,104
18294,112
18295,145
18296,140
18297,148
18298,141
18299,117
18300,135
18301,134
18302,137
18303,148
18304,115
18305,119
18306,120
18307,114
18308,117
18309,123
18310,96
18311,91
18312,96
18313,90
18314,74
18315,68
18316,61
18317,50
18318,45
18319,55
18320,53
18321,64
18322,56
18323,56
18324,63
18325,66
18326,58
18327,51
18328,53
18329,40
18330,29
18331,47
18332,37
18333,39
18334,34
18335,37
18336,29
18337,22
18338,27
18339,32
18340,39
18341,39
18342,45
18343,38
18344,52
18345,58
18346,93
18347,98
18348,78
18349,85
18350,110
18351,166
18352,140
18353,125
18354,134
18355,182
18356,195
18357,260
18358,233
18359,269
18360,285
18361,276
18362,299
18363,284
18364,292
18365,269
18366,293
18367,253
18368,276
18369,254
18370,195
18371,214
18372,195
18373,181
18374,175
18375,148
18376,130
18377,124
18378,130
18379,126
18380,136
18381,108
18382,103
18383,103
18384,116
18385,73
18386,77
18387,73
18388,76
18389,57
18390,50
18391,40
18392,40
18393,34
18394,35
18395,33
18396,36
18397,38
18398,18
18399,34
18400,32
18401,34
18402,34
18403,48
18404,42
18405,26
18406,32
18407,46
18408,35
18409,32
18410,30
18411,48
18412,46
18413,45
18414,42
18415,45
18416,48
18417,47
18418,51
18419,60
18420,59
18421,48
18422,41
18423,50
18424,56
18425,37
18426,42
18427,40
18428,35
18429,27
18430,33
18431,54
18432,44
18433,57
18434,53
18435,61
18436,51
18437,52
18438,58
18439,42
18440,72
18441,62
18442,41
18443,55
18444,52
18445,52
18446,50
18447,53
18448,61
18449,43
18450,52
18451,65
18452,51
18453,33
18454,76
18455,52
18456,59
18457,53
18458,48
18459,47
18460,51
18461,67
18462,67
18463,61
18464,58
18465,52
18466,70
18467,90
18468,82
18469,69
18470,92
18471,81
18472,78
18473,86
18474,131
18475,118
18476,129
18477,108
18478,136
18479,138
18480,135
18481,113
18482,102
18483,118
18484,91
18485,90
18486,88
18487,92
18488,86
18489,76
18490,72
18491,58
18492,62
18493,59
18494,72
18495,78
18496,73
18497,71
18498,73
18499,93
18500,91
18501,77
18502,72
18503,92
18504,76
18505,69
18506,67
18507,62
18508,70
18509,62
18510,46
18511,58
18512,62
18513,59
18514,54
18515,57
18516,79
18517,68
18518,63
18519,87
18520,99
18521,79
18522,80
18523,99
18524,122
18525,117
18526,119
18527,92
18528,87
18529,103
18530,85
18531,59
18532,82
18533,51
18534,67
18535,75
18536,74
18537,63
18538,62
18539,62
18540,58
18541,79
18542,80
18543,105
18544,136
18545,126
18546,185
18547,188
18548,247
18549,245
18550,242
18551,191
18552,226
18553,208
18554,191
18555,184
18556,169
18557,151
18558,146
18559,143
18560,133
18561,101
18562,99
18563,99
18564,108
18565,82
18566,77
18567,97
18568,131
18569,116
18570,147
18571,171
18572,183
18573,155
18574,157
18575,163
18576,164
18577,197
18578,186
18579,218
18580,234
18581,238
18582,236
18583,224
18584,264
18585,290
18586,249
18587,252
18588,278
18589,300
18590,247
18591,230
18592,261
18593,223
18594,256
18595,248
18596,249
18597,225
18598,231
18599,240
18600,210
18601,160
18602,167
18603,173
18604,166
18605,147
18606,158
18607,138
18608,118
18609,149
18610,141
18611,147
18612,149
18613,135
18614,133
18615,104
18616,86
18617,68
18618,74
18619,65
18620,51
18621,52
18622,43
18623,38
18624,43
18625,47
18626,55
18627,64
18628,55
18629,63
18630,62
18631,55
18632,52
18633,64
18634,71
18635,48
18636,80
18637,84
18638,59
18639,70
18640,63
18641,61
18642,80
18643,72
18644,77
18645,65
18646,76
18647,63
18648,80
18649,68
18650,60
18651,71
18652,51
18653,58
18654,58
18655,65
18656,50
18657,67
18658,53
18659,48
18660,44
18661,52
18662,57
18663,45
18664,61
18665,49
18666,52
18667,46
18668,60
18669,45
18670,46
18671,46
18672,41
18673,37
18674,39
18675,45
18676,45
18677,37
18678,55
18679,50
18680,43
18681,35
18682,45
18683,35
18684,41
18685,38
18686,48
18687,44
18688,44
18689,51
18690,40
18691,52
18692,43
18693,46
18694,47
18695,49
18696,41
18697,31
18698,29
18699,28
18700,26
18701,36
18702,21
18703,37
18704,22
18705,15
18706,30
18707,22
18708,26
18709,33
18710,28
18711,33
18712,34
18713,40
18714,37
18715,29
18716,44
18717,53
18718,57
18719,49
18720,49
18721,48
18722,59
18723,50
18724,51
18725,70
18726,80
18727,87
18728,72
18729,71
18730,100
18731,131
18732,104
18733,127
18734,163
18735,186
18736,216
18737,245
18738,287
18739,330
18740,371
18741,409
18742,438
18743,436
18744,400
18745,394
18746,371
18747,416
18748,382
18749,417
18750,422
18751,378
18752,343
18753,303
18754,256
18755,198
18756,202
18757,167
18758,168
18759,147
18760,137
18761,132
18762,124
18763,133
18764,105
18765,119
18766,119
18767,107
18768,106
18769,114
18770,93
18771,93
18772,102
18773,91
18774,101
18775,111
18776,94
18777,120
18778,127
18779,151
18780,187
18781,175
18782,187
18783,212
18784,230
18785,206
18786,212
18787,257
18788,288
18789,290
18790,271
18791,240
18792,195
18793,208
18794,198
18795,253
18796,224
18797,211
18798,229
18799,169
18800,163
18801,188
18802,149
18803,147
18804,131
18805,150
18806,179
18807,142
18808,139
18809,175
18810,186
18811,197
18812,180
18813,182
18814,181
18815,164
18816,171
18817,165
18818,164
18819,169
18820,208
18821,172
18822,179
18823,204
18824,182
18825,187
18826,207
18827,196
18828,208
18829,232
18830,225
18831,216
18832,212
18833,189
18834,206
18835,216
18836,244
18837,278
18838,298
18839,318
18840,335
18841,344
18842,360
18843,397
18844,393
18845,417
18846,424
18847,451
18848,430
18849,349
18850,353
18851,357
18852,382
18853,376
18854,307
18855,286
18856,264
18857,248
18858,226
18859,235
18860,227
18861,218
18862,201
18863,182
18864,184
18865,209
18866,198
18867,176
18868,166
18869,152
18870,132
18871,128
18872,115
18873,103
18874,98
18875,100
18876,117
18877,123
18878,113
18879,123
18880,147
18881,194
18882,170
18883,181
18884,177
18885,186
18886,160
18887,214
18888,190
18889,224
18890,235
18891,211
18892,226
18893,227
18894,225
18895,168
18896,167
18897,209
18898,201
18899,157
18900,162
18901,149
18902,114
18903,103
18904,91
18905,88
18906,88
18907,73
18908,57
18909,68
18910,58
18911,58
18912,58
18913,70
18914,68
18915,81
18916,93
18917,71
18918,88
18919,81
18920,76
18921,90
18922,83
18923,135
18924,136
18925,175
18926,194
18927,194
18928,225
18929,276
18930,314
18931,337
18932,371
18933,407
18934,501
18935,513
18936,464
18937,539
18938,513
18939,495
18940,474
18941,462
18942,411
18943,402
18944,368
18945,365
18946,302
18947,272
18948,284
18949,263
18950,274
18951,271
18952,271
18953,276
18954,296
18955,252
18956,206
18957,147
18958,178
18959,176
18960,139
18961,139
18962,133
18963,164
18964,141
18965,162
18966,146
18967,111
18968,119
18969,163
18970,136
18971,126
18972,126
18973,148
18974,134
18975,152
18976,160
18977,174
18978,175
18979,188
18980,211
18981,183
18982,231
18983,209
18984,215
18985,197
18986,186
18987,191
18988,197
18989,178
18990,124
18991,137
18992,133
18993,115
18994,97
18995,109
18996,120
18997,112
18998,111
18999,97
19000,93
19001,112
19002,118
19003,116
19004,173
19005,163
19006,169
19007,190
19008,175
19009,157
19010,166
19011,126
19012,128
19013,109
19014,113
19015,115
19016,111
19017,73
19018,106
19019,139
19020,130
19021,132
19022,141
19023,162
19024,147
19025,129
19026,124
19027,124
19028,101
19029,114
19030,119
19031,87
19032,98
19033,106
19034,89
19035,67
19036,61
19037,53
19038,50
19039,38
19040,34
19041,35
19042,36
19043,31
19044,28
19045,31
19046,44
19047,34
19048,42
19049,36
19050,40
19051,46
19052,38
19053,36
19054,45
19055,43
19056,38
19057,38
19058,50
19059,68
19060,61
19061,58
19062,62
19063,55
19064,55
19065,51
19066,43
19067,46
19068,49
19069,65
19070,65
19071,64
19072,77
19073,81
19074,59
19075,64
19076,77
19077,55
19078,59
19079,52
19080,71
19081,60
19082,73
19083,73
19084,52
19085,60
19086,44
19087,50
19088,53
19089,49
19090,62
19091,67
19092,62
19093,63
19094,64
19095,45
19096,46
19097,51
19098,65
19099,57
19100,54
19101,62
19102,61
19103,61
19104,75
19105,71
19106,57
19107,58
19108,56
19109,52
19110,58
19111,62
19112,55
19113,59
19114,52
19115,51
19116,53
19117,62
19118,45
19119,51
19120,61
19121,47
19122,47
19123,49
19124,52
19125,41
19126,40
19127,45
19128,25
19129,40
19130,34
19131,34
19132,46
19133,34
19134,25
19135,39
19136,32
19137,43
19138,46
19139,39
19140,45
19141,41
19142,41
19143,39
19144,29
19145,35
19146,37
19147,40
19148,52
19149,54
19150,71
19151,80
19152,68
19153,95
19154,107
19155,110
19156,124
19157,142
19158,150
19159,165
19160,155
19161,162
19162,137
19163,145
19164,150
19165,141
19166,152
19167,119
19168,138
19169,134
19170,116
19171,131
19172,140
19173,137
19174,127
19175,128
19176,110
19177,116
19178,133
19179,104
19180,157
19181,130
19182,132
19183,131
19184,150
19185,132
19186,116
19187,114
19188,99
19189,86
19190,75
19191,101
19192,93
19193,97
19194,88
19195,99
19196,87
19197,93
19198,100
19199,114
19200,84
19201,90
19202,71
19203,87
19204,89
19205,91
19206,101
19207,85
19208,68
19209,71
19210,68
19211,81
19212,80
19213,76
19214,88
19215,103
19216,83
19217,66
19218,54
19219,51
19220,64
19221,75
19222,67
19223,96
19224,66
19225,62
19226,58
19227,44
19228,47
19229,42
19230,63
19231,51
19232,40
19233,55
19234,61
19235,58
19236,67
19237,61
19238,58
19239,60
19240,67
19241,67
19242,55
19243,76
19244,71
19245,53
19246,64
19247,77
19248,81
19249,85
19250,67
19251,66
19252,58
19253,47
19254,49
19255,71
19256,55
19257,50
19258,57
19259,53
19260,63
19261,47
19262,67
19263,65
19264,54
19265,52
19266,63
19267,77
19268,59
19269,62
19270,64
19271,59
19272,57
19273,54
19274,57
19275,78
19276,65
19277,64
19278,52
19279,68
19280,80
19281,58
19282,75
19283,61
19284,68
19285,76
19286,69
19287,54
19288,56
19289,55
19290,66
19291,68
19292,59
19293,58
19294,64
19295,71
19296,83
19297,70
19298,78
19299,69
19300,63
19301,62
19302,81
19303,71
19304,73
19305,77
19306,60
19307,69
19308,114
19309,123
19310,118
19311,116
19312,124
19313,134
19314,151
19315,103
19316,104
19317,101
19318,104
19319,87
19320,76
19321,87
19322,58
19323,56
19324,46
19325,50
19326,35
19327,43
19328,44
19329,56
19330,56
19331,43
19332,62
19333,56
19334,76
19335,71
19336,78
19337,65
19338,57
19339,65
19340,68
19341,90
19342,97
19343,122
19344,157
19345,165
19346,177
19347,184
19348,168
19349,172
19350,187
19351,212
19352,223
19353,225
19354,234
19355,182
19356,165
19357,124
19358,133
19359,124
19360,120
19361,96
19362,119
19363,94
19364,74
19365,79
19366,89
19367,81
19368,78
19369,93
19370,95
19371,102
19372,129
19373,95
19374,123
19375,100
19376,102
19377,102
19378,109
19379,101
19380,127
19381,121
19382,126
19383,126
19384,106
19385,108
19386,103
19387,104
19388,86
19389,95
19390,79
19391,80
19392,51
19393,61
19394,50
19395,56
19396,55
19397,49
19398,52
19399,60
19400,71
19401,77
19402,68
19403,65
19404,69
19405,66
19406,51
19407,69
19408,80
19409,74
19410,89
19411,82
19412,67
19413,83
19414,97
19415,70
19416,86
19417,56
19418,71
19419,68
19420,63
19421,75
19422,63
19423,75
19424,109
19425,103
19426,128
19427,97
19428,139
19429,115
19430,144
19431,156
19432,212
19433,232
19434,220
19435,226
19436,275
19437,252
19438,273
19439,261
19440,221
19441,258
19442,228
19443,186
19444,171
19445,168
19446,152
19447,184
19448,165
19449,158
19450,129
19451,111
19452,96
19453,122
19454,107
19455,129
19456,131
19457,144
19458,149
19459,172
19460,143
19461,134
19462,109
19463,98
19464,94
19465,105
19466,117
19467,114
19468,78
19469,75
19470,71
19471,75
19472,79
19473,67
19474,97
19475,127
19476,127
19477,151
19478,179
19479,209
19480,208
19481,214
19482,218
19483,233
19484,226
19485,269
19486,262
19487,243
19488,248
19489,283
19490,247
19491,216
19492,193
19493,166
19494,142
19495,123
19496,140
19497,103
19498,121
19499,111
19500,89
19501,93
19502,66
19503,59
19504,81
19505,78
19506,78
19507,102
19508,136
19509,135
19510,159
19511,174
19512,183
19513,160
19514,168
19515,169
19516,154
19517,148
19518,123
19519,123
19520,118
19521,129
19522,136
19523,153
19524,144
19525,160
19526,169
19527,182
19528,193
19529,233
19530,260
19531,248
19532,217
19533,227
19534,198
19535,182
19536,132
19537,136
19538,94
19539,96
19540,110
19541,85
19542,94
19543,86
19544,81
19545,82
19546,80
19547,72
19548,85
19549,97
19550,87
19551,104
19552,79
19553,76
19554,77
19555,59
19556,68
19557,70
19558,82
19559,91
19560,84
19561,68
19562,77
19563,73
19564,65
19565,66
19566,86
19567,96
19568,56
19569,76
19570,77
19571,64
19572,74
19573,63
19574,76
19575,90
19576,105
19577,77
19578,88
19579,101
19580,111
19581,87
19582,100
19583,101
19584,118
19585,121
19586,171
19587,195
19588,264
19589,291
19590,257
19591,310
19592,318
19593,326
19594,366
19595,389
19596,379
19597,354
19598,352
19599,340
19600,275
19601,278
19602,296
19603,305
19604,295
19605,316
19606,305
19607,287
19608,244
19609,255
19610,220
19611,225
19612,276
19613,253
19614,253
19615,299
19616,297
19617,311
19618,339
19619,307
19620,314
19621,309
19622,271
19623,310
19624,269
19625,228
19626,198
19627,192
19628,170
19629,156
19630,123
19631,117
19632,106
19633,117
19634,139
19635,162
19636,157
19637,136
19638,125
19639,144
19640,131
19641,161
19642,154
19643,152
19644,169
19645,179
19646,198
19647,156
19648,152
19649,180
19650,174
19651,157
19652,175
19653,139
19654,141
19655,136
19656,114
19657,116
19658,114
19659,109
19660,76
19661,78
19662,113
19663,75
19664,71
19665,87
19666,66
19667,80
19668,65
19669,57
19670,56
19671,56
19672,52
19673,66
19674,64
19675,78
19676,77
19677,104
19678,84
19679,71
19680,70
19681,86
19682,79
19683,73
19684,90
19685,87
19686,114
19687,105
19688,105
19689,128
19690,127
19691,142
19692,143
19693,144
19694,112
19695,127
19696,131
19697,140
19698,115
19699,119
19700,115
19701,102
19702,99
19703,82
19704,66
19705,71
19706,71
19707,59
19708,84
19709,73
19710,68
19711,51
19712,81
19713,54
19714,42
19715,61
19716,47
19717,46
19718,53
19719,46
19720,40
19721,48
19722,56
19723,57
19724,61
19725,56
19726,56
19727,52
19728,73
19729,47
19730,52
19731,51
19732,65
19733,73
19734,74
19735,64
19736,72
19737,62
19738,54
19739,64
19740,89
19741,79
19742,88
19743,86
19744,78
19745,93
19746,99
19747,109
19748,104
19749,133
19750,136
19751,134
19752,162
19753,218
19754,211
19755,201
19756,197
19757,190
19758,188
19759,167
19760,194
19761,236
19762,233
19763,257
19764,339
19765,385
19766,331
19767,395
19768,403
19769,492
19770,487
19771,499
19772,504
19773,464
19774,503
19775,520
19776,567
19777,510
19778,545
19779,500
19780,493
19781,489
19782,437
19783,423
19784,361
19785,343
19786,323
19787,301
19788,301
19789,302
19790,246
19791,226
19792,203
19793,211
19794,171
19795,152
19796,150
19797,125
19798,106
19799,106
19800,95
19801,105
19802,102
19803,95
19804,87
19805,78
19806,124
19807,115
19808,127
19809,132
19810,117
19811,130
19812,108
19813,120
19814,108
19815,104
19816,88
19817,91
19818,88
19819,75
19820,59
19821,80
19822,90
19823,74
19824,71
19825,58
19826,66
19827,63
19828,68
19829,48
19830,59
19831,49
19832,46
19833,50
19834,50
19835,49
19836,50
19837,52
19838,54
19839,55
19840,74
19841,48
19842,70
19843,67
19844,86
19845,55
19846,73
19847,67
19848,78
19849,76
19850,91
19851,89
19852,136
19853,119
19854,142
19855,142
19856,127
19857,134
19858,106
19859,108
19860,115
19861,127
19862,109
19863,101
19864,112
19865,112
19866,127
19867,90
19868,88
19869,93
19870,110
19871,79
19872,90
19873,72
19874,79
19875,98
19876,90
19877,104
19878,139
19879,146
19880,170
19881,225
19882,268
19883,355
19884,346
19885,341
19886,410
19887,367
19888,370
19889,308
19890,320
19891,289
19892,235
19893,209
19894,240
19895,260
19896,278
19897,313
19898,286
19899,312
19900,327
19901,326
19902,358
19903,393
19904,358
19905,386
19906,342
19907,341
19908,280
19909,257
19910,276
19911,243
19912,274
19913,332
19914,365
19915,414
19916,492
19917,462
19918,527
19919,574
19920,582
19921,582
19922,648
19923,605
19924,523
19925,454
19926,395
19927,315
19928,253
19929,201
19930,215
19931,192
19932,150
19933,133
19934,118
19935,138
19936,124
19937,128
19938,124
19939,139
19940,136
19941,111
19942,142
19943,174
19944,182
19945,190
19946,180
19947,147
19948,178
19949,168
19950,152
19951,179
19952,149
19953,170
19954,147
19955,164
19956,139
19957,145
19958,151
19959,133
19960,140
19961,151
19962,157
19963,109
19964,136
19965,110
19966,94
19967,87
19968,85
19969,88
19970,76
19971,88
19972,70
19973,54
19974,72
19975,69
19976,79
19977,70
19978,63
19979,55
19980,70
19981,63
19982,62
19983,75
19984,97
19985,92
19986,94
19987,98
19988,80
19989,104
19990,87
19991,113
19992,99
19993,121
19994,137
19995,124
19996,125
19997,131
19998,175
19999,165
20000,169
20001,162
20002,203
20003,164
20004,145
20005,164
20006,158
20007,167
20008,176
20009,176
20010,171
20011,162
20012,155
20013,135
20014,138
20015,133
20016,156
20017,120
20018,150
20019,125
20020,106
20021,81
20022,125
20023,97
20024,89
20025,85
20026,88
20027,88
20028,86
20029,62
20030,69
20031,54
20032,59
20033,45
20034,59
20035,58
20036,50
20037,45
20038,34
20039,43
20040,35
20041,27
20042,34
20043,42
20044,46
20045,28
20046,37
20047,51
20048,50
20049,31
20050,39
20051,40
20052,46
20053,52
20054,51
20055,59
20056,49
20057,63
20058,55
20059,75
20060,100
20061,86
20062,99
20063,91
20064,80
20065,84
20066,97
20067,93
20068,113
20069,137
20070,113
20071,113
20072,162
20073,169
20074,172
20075,199
20076,200
20077,244
20078,194
20079,211
20080,228
20081,193
20082,182
20083,172
20084,152
20085,124
20086,122
20087,128
20088,107
20089,121
20090,128
20091,136
20092,168
20093,213
20094,211
20095,199
20096,169
20097,137
20098,119
20099,95
20100,82
20101,69
20102,47
20103,64
20104,59
20105,87
20106,71
20107,76
20108,94
20109,84
20110,72
20111,61
20112,62
20113,75
20114,62
20115,50
20116,76
20117,85
20118,94
20119,85
20120,103
20121,86
20122,74
20123,79
20124,66
20125,63
20126,57
20127,67
20128,65
20129,57
20130,57
20131,61
20132,52
20133,50
20134,55
20135,58
20136,57
20137,64
20138,60
20139,73
20140,60
20141,66
20142,68
20143,67
20144,72
20145,74
20146,74
20147,85
20148,67
20149,84
20150,65
20151,71
20152,74
20153,69
20154,63
20155,74
20156,62
20157,69
20158,58
20159,81
20160,84
20161,81
20162,83
20163,94
20164,110
20165,130
20166,141
20167,120
20168,146
20169,119
20170,133
20171,113
20172,113
20173,83
20174,96
20175,95
20176,60
20177,80
20178,85
20179,85
20180,89
20181,104
20182,78
20183,86
20184,84
20185,107
20186,111
20187,123
20188,106
20189,96
20190,106
20191,141
20192,144
20193,157
20194,130
20195,160
20196,162
20197,191
20198,192
20199,223
20200,211
20201,219
20202,231
20203,253
20204,279
20205,302
20206,327
20207,316
20208,321
20209,303
20210,340
20211,335
20212,472
20213,551
20214,655
20215,734
20216,853
20217,945
20218,954
20219,1103
20220,1217
20221,1334
20222,1429
20223,1465
20224,1497
20225,1426
20226,1597
20227,1466
20228,1302
20229,1176
20230,920
20231,795
20232,630
20233,456
20234,406
20235,336
20236,295
20237,272
20238,209
20239,162
20240,146
20241,108
20242,78
20243,77
20244,76
20245,50
20246,75
20247,43
20248,45
20249,32
20250,41
20251,32
20252,37
20253,27
20254,22
20255,26
20256,27
20257,20
20258,27
20259,24
20260,16
20261,22
20262,25
20263,26
20264,15
20265,17
20266,18
20267,23
20268,17
20269,17
20270,14
20271,17
20272,12
20273,17
20274,16
20275,23
20276,11
20277,21
20278,34
20279,33
20280,15
20281,28
20282,33
20283,39
20284,53
20285,58
20286,60
20287,68
20288,75
20289,79
20290,57
20291,48
20292,54
20293,51
20294,50
20295,45
20296,62
20297,67
20298,70
20299,83
20300,69
20301,60
20302,60
20303,61
20304,60
20305,47
20306,40
20307,46
20308,43
20309,44
20310,59
20311,56
20312,45
20313,54
20314,53
20315,69
20316,60
20317,59
20318,64
20319,83
20320,95
20321,110
20322,106
20323,141
20324,178
20325,166
20326,180
20327,181
20328,189
20329,158
20330,176
20331,182
20332,169
20333,176
20334,136
20335,125
20336,120
20337,104
20338,91
20339,109
20340,101
20341,102
20342,113
20343,108
20344,111
20345,101
20346,98
20347,76
20348,83
20349,98
20350,76
20351,87
20352,79
20353,70
20354,62
20355,82
20356,74
20357,61
20358,71
20359,51
20360,60
20361,49
20362,63
20363,52
20364,71
20365,66
20366,55
20367,42
20368,43
20369,53
20370,35
20371,40
20372,45
20373,48
20374,44
20375,50
20376,37
20377,24
20378,33
20379,29
20380,16
20381,31
20382,18
20383,21
20384,20
20385,18
20386,23
20387,20
20388,21
20389,29
20390,27
20391,31
20392,32
20393,38
20394,31
20395,29
20396,31
20397,29
20398,31
20399,37
20400,18
20401,27
20402,34
20403,29
20404,42
20405,48
20406,36
20407,42
20408,42
20409,55
20410,69
20411,67
20412,87
20413,71
20414,69
20415,56
20416,61
20417,82
20418,71
20419,89
20420,89
20421,86
20422,89
20423,91
20424,96
20425,108
20426,127
20427,142
20428,139
20429,150
20430,125
20431,81
20432,96
20433,131
20434,125
20435,170
20436,200
20437,188
20438,215
20439,258
20440,283
20441,351
20442,372
20443,413
20444,370
20445,392
20446,379
20447,317
20448,319
20449,322
20450,343
20451,322
20452,336
20453,316
20454,286
20455,256
20456,268
20457,204
20458,179
20459,177
20460,165
20461,175
20462,186
20463,173
20464,178
20465,225
20466,231
20467,242
20468,227
20469,208
20470,226
20471,215
20472,242
20473,245
20474,247
20475,260
20476,236
20477,214
20478,219
20479,145
20480,127
20481,126
20482,117
20483,105
20484,81
20485,85
20486,86
20487,80
20488,78
20489,72
20490,85
20491,62
20492,76
20493,74
20494,72
20495,77
20496,86
20497,82
20498,82
20499,88
20500,87
20501,81
20502,89
20503,71
20504,103
20505,74
20506,90
20507,86
20508,91
20509,79
20510,88
20511,83
20512,85
20513,107
20514,105
20515,119
20516,110
20517,111
20518,114
20519,122
20520,100
20521,107
20522,108
20523,100
20524,82
20525,66
20526,64
20527,85
20528,67
20529,75
20530,71
20531,61
20532,80
20533,75
20534,78
20535,81
20536,61
20537,79
20538,91
20539,90
20540,79
20541,82
20542,71
20543,53
20544,76
20545,80
20546,77
20547,79
20548,67
20549,79
20550,108
20551,108
20552,113
20553,96
20554,106
20555,119
20556,117
20557,125
20558,132
20559,162
20560,180
20561,165
20562,147
20563,144
20564,159
20565,167
20566,156
20567,159
20568,158
20569,130
20570,127
20571,137
20572,144
20573,161
20574,159
20575,224
20576,261
20577,301
20578,350
20579,417
20580,477
20581,509
20582,610
20583,617
20584,695
20585,775
20586,759
20587,797
20588,717
20589,745
20590,737
20591,662
20592,608
20593,516
20594,440
20595,381
20596,344
20597,302
20598,275
20599,204
20600,198
20601,162
20602,177
20603,138
20604,143
20605,116
20606,136
20607,139
20608,115
20609,107
20610,121
20611,104
20612,95
20613,92
20614,100
20615,92
20616,117
20617,116
20618,111
20619,133
20620,115
20621,134
20622,139
20623,128
20624,132
20625,129
20626,133
20627,145
20628,147
20629,127
20630,128
20631,146
20632,173
20633,186
20634,171
20635,173
20636,171
20637,144
20638,99
20639,113
20640,117
20641,131
20642,120
20643,123
20644,103
20645,86
20646,87
20647,85
20648,72
20649,74
20650,67
20651,62
20652,67
20653,69
20654,79
20655,73
20656,95
20657,85
20658,97
20659,100
20660,99
20661,112
20662,108
20663,137
20664,123
20665,125
20666,114
20667,118
20668,98
20669,102
20670,100
20671,124
20672,102
20673,76
20674,75
20675,86
20676,82
20677,82
20678,92
20679,102
20680,113
20681,96
20682,90
20683,109
20684,127
20685,118
20686,133
20687,127
20688,125
20689,150
20690,169
20691,171
20692,219
20693,224
20694,312
20695,307
20696,324
20697,314
20698,361
20699,344
20700,371
20701,372
20702,338
20703,282
20704,295
20705,250
20706,260
20707,279
20708,272
20709,184
20710,194
20711,212
20712,181
20713,147
20714,120
20715,140
20716,116
20717,148
20718,119
20719,116
20720,126
20721,104
20722,107
20723,115
20724,103
20725,97
20726,94
20727,84
20728,84
20729,125
20730,128
20731,163
20732,156
20733,181
20734,185
20735,207
20736,264
20737,214
20738,188
20739,190
20740,178
20741,154
20742,132
20743,118
20744,115
20745,127
20746,137
20747,159
20748,167
20749,184
20750,209
20751,190
20752,212
20753,200
20754,219
20755,198
20756,181
20757,181
20758,193
20759,166
20760,167
20761,200
20762,192
20763,154
20764,179
20765,161
20766,169
20767,146
20768,137
20769,140
20770,114
20771,131
20772,130
20773,122
20774,117
20775,115
20776,126
20777,95
20778,122
20779,89
20780,70
20781,68
20782,96
20783,71
20784,80
20785,80
20786,74
20787,54
20788,67
20789,54
20790,50
20791,63
20792,54
20793,58
20794,66
20795,63
20796,60
20797,62
20798,62
20799,79
20800,72
20801,89
20802,70
20803,69
20804,79
20805,74
20806,88
20807,89
20808,108
20809,140
20810,149
20811,161
20812,170
20813,193
20814,150
20815,164
20816,169
20817,144
20818,174
20819,155
20820,158
20821,151
20822,165
20823,131
20824,142
20825,113
20826,129
20827,137
20828,156
20829,132
20830,104
20831,104
20832,95
20833,125
20834,153
20835,161
20836,162
20837,135
20838,147
20839,159
20840,157
20841,166
20842,164
20843,172
20844,159
20845,149
20846,160
20847,180
20848,161
20849,167
20850,143
20851,119
20852,105
20853,105
20854,99
20855,85
20856,84
20857,83
20858,101
20859,90
20860,81
20861,93
20862,76
20863,84
20864,65
20865,79
20866,62
20867,61
20868,61
20869,53
20870,69
20871,82
20872,68
20873,46
20874,58
20875,51
20876,62
20877,62
20878,69
20879,75
20880,74
20881,76
20882,75
20883,59
20884,48
20885,51
20886,45
20887,40
20888,50
20889,54
20890,51
20891,58
20892,59
20893,55
20894,53
20895,55
20896,53
20897,78
20898,55
20899,49
20900,49
20901,70
20902,50
20903,53
20904,49
20905,41
20906,44
20907,50
20908,55
20909,41
20910,41
20911,32
20912,40
20913,46
20914,64
20915,40
20916,51
20917,41
20918,44
20919,48
20920,53
20921,45
20922,47
20923,50
20924,57
20925,59
20926,47
20927,46
20928,57
20929,70
20930,73
20931,80
20932,74
20933,93
20934,91
20935,85
20936,69
20937,69
20938,78
20939,87
20940,90
20941,97
20942,81
20943,89
20944,74
20945,62
20946,75
20947,78
20948,68
20949,64
20950,59
20951,48
20952,68
20953,63
20954,72
20955,63
20956,69
20957,67
20958,52
20959,60
20960,57
20961,70
20962,76
20963,63
20964,61
20965,70
20966,52
20967,58
20968,55
20969,40
20970,50
20971,46
20972,60
20973,43
20974,53
20975,38
20976,50
20977,60
20978,39
20979,59
20980,60
20981,58
20982,69
20983,68
20984,60
20985,61
20986,70
20987,49
20988,63
20989,53
20990,71
20991,63
20992,87
20993,73
20994,63
20995,61
20996,68
20997,59
20998,66
20999,86
21000,98
21001,112
21002,111
21003,86
21004,101
21005,85
21006,100
21007,99
21008,120
21009,125
21010,86
21011,104
21012,85
21013,106
21014,108
21015,110
21016,84
21017,90
21018,78
21019,95
21020,88
21021,81
21022,77
21023,89
21024,103
21025,110
21026,101
21027,122
21028,111
21029,134
21030,110
21031,102
21032,90
21033,97
21034,82
21035,59
21036,78
21037,70
21038,82
21039,77
21040,95
21041,88
21042,99
21043,101
21044,104
21045,112
21046,120
21047,135
21048,133
21049,146
21050,147
21051,135
21052,137
21053,128
21054,98
21055,91
21056,83
21057,96
21058,93
21059,103
21060,113
21061,82
21062,97
21063,113
21064,102
21065,100
21066,112
21067,109
21068,101
21069,98
21070,92
21071,111
21072,121
21073,137
21074,113
21075,130
21076,133
21077,127
21078,144
21079,125
21080,102
21081,110
21082,113
21083,137
21084,112
21085,121
21086,121
21087,129
21088,149
21089,152
21090,158
21091,190
21092,175
21093,193
21094,191
21095,185
21096,185
21097,193
21098,174
21099,170
21100,163
21101,160
21102,173
21103,165
21104,177
21105,195
21106,223
21107,221
21108,235
21109,274
21110,286
21111,292
21112,308
21113,285
21114,255
21115,300
21116,337
21117,291
21118,307
21119,334
21120,299
21121,261
21122,229
21123,209
21124,186
21125,181
21126,173
21127,174
21128,176
21129,193
21130,206
21131,257
21132,204
21133,250
21134,269
21135,310
21136,285
21137,312
21138,306
21139,341
21140,364
21141,462
21142,509
21143,519
21144,542
21145,560
21146,517
21147,423
21148,392
21149,391
21150,337
21151,287
21152,294
21153,266
21154,215
21155,171
21156,153
21157,114
21158,102
21159,88
21160,99
21161,102
21162,100
21163,66
21164,57
21165,73
21166,73
21167,64
21168,58
21169,58
21170,59
21171,67
21172,60
21173,76
21174,72
21175,64
21176,71
21177,85
21178,79
21179,93
21180,111
21181,82
21182,94
21183,88
21184,117
21185,116
21186,120
21187,155
21188,161
21189,187
21190,200
21191,216
21192,229
21193,269
21194,276
21195,320
21196,300
21197,316
21198,266
21199,222
21200,234
21201,150
21202,196
21203,157
21204,148
21205,167
21206,141
21207,155
21208,117
21209,100
21210,100
21211,115
21212,103
21213,106
21214,91
21215,76
21216,70
21217,71
21218,79
21219,70
21220,65
21221,66
21222,94
21223,86
21224,105
21225,105
21226,105
21227,121
21228,112
21229,119
21230,116
21231,125
21232,123
21233,160
21234,140
21235,131
21236,165
21237,130
21238,133
21239,142
21240,156
21241,201
21242,173
21243,173
21244,163
21245,206
21246,169
21247,173
21248,147
21249,141
21250,125
21251,124
21252,93
21253,72
21254,91
21255,85
21256,83
21257,79
21258,88
21259,61
21260,91
21261,89
21262,103
21263,99
21264,112
21265,100
21266,100
21267,85
21268,69
21269,82
21270,69
21271,81
21272,61
21273,76
21274,60
21275,58
21276,54
21277,48
21278,54
21279,58
21280,57
21281,54
21282,62
21283,56
21284,62
21285,75
21286,91
21287,124
21288,77
21289,97
21290,132
21291,144
21292,114
21293,102
21294,117
21295,118
21296,104
21297,118
21298,106
21299,96
21300,94
21301,75
21302,79
21303,67
21304,76
21305,71
21306,79
21307,79
21308,72
21309,81
21310,77
21311,77
21312,87
21313,92
21314,96
21315,94
21316,87
21317,76
21318,91
21319,94
21320,94
21321,76
21322,74
21323,66
21324,91
21325,84
21326,86
21327,78
21328,85
21329,79
21330,66
21331,60
21332,62
21333,61
21334,82
21335,65
21336,70
21337,53
21338,74
21339,86
21340,95
21341,116
21342,123
21343,134
21344,148
21345,178
21346,218
21347,185
21348,192
21349,197
21350,180
21351,173
21352,186
21353,155
21354,172
21355,178
21356,171
21357,158
21358,148
21359,160
21360,146
21361,137
21362,144
21363,134
21364,104
21365,78
21366,74
21367,79
21368,80
21369,59
21370,59
21371,63
21372,60
21373,79
21374,75
21375,45
21376,54
21377,64
21378,61
21379,67
21380,47
21381,60
21382,61
21383,53
21384,63
21385,52
21386,56
21387,63
21388,57
21389,63
21390,62
21391,73
21392,50
21393,55
21394,71
21395,84
21396,77
21397,113
21398,97
21399,106
21400,79
21401,92
21402,73
21403,99
21404,120
21405,125
21406,103
21407,129
21408,133
21409,123
21410,149
21411,156
21412,143
21413,148
21414,165
21415,138
21416,133
21417,148
21418,151
21419,122
21420,132
21421,147
21422,139
21423,131
21424,110
21425,111
21426,135
21427,146
21428,151
21429,151
21430,127
21431,136
21432,116
21433,115
21434,100
21435,98
21436,118
21437,130
21438,122
21439,121
21440,108
21441,82
21442,88
21443,88
21444,95
21445,77
21446,103
21447,108
21448,100
21449,112
21450,122
21451,98
21452,109
21453,115
21454,126
21455,124
21456,129
21457,104
21458,128
21459,85
21460,100
21461,84
21462,90
21463,97
21464,75
21465,97
21466,93
21467,94
21468,92
21469,88
21470,85
21471,86
21472,78
21473,77
21474,80
21475,85
21476,75
21477,54
21478,70
21479,57
21480,72
21481,89
21482,121
21483,129
21484,109
21485,106
21486,108
21487,98
21488,111
21489,82
21490,69
21491,61
21492,50
21493,78
21494,88
21495,90
21496,97
21497,79
21498,102
21499,94
21500,84
21501,61
21502,68
21503,66
21504,57
21505,52
21506,48
21507,68
21508,56
21509,50
21510,43
21511,49
21512,57
21513,51
21514,41
21515,48
21516,55
21517,60
21518,65
21519,40
21520,50
21521,65
21522,57
21523,50
21524,91
21525,67
21526,62
21527,61
21528,50
21529,66
21530,56
21531,57
21532,70
21533,38
21534,55
21535,39
21536,37
21537,51
21538,55
21539,47
21540,53
21541,47
21542,46
21543,53
21544,54
21545,40
21546,61
21547,58
21548,49
21549,57
21550,58
21551,63
21552,66
21553,67
21554,58
21555,63
21556,64
21557,74
21558,74
21559,80
21560,76
21561,71
21562,76
21563,81
21564,73
21565,82
21566,73
21567,60
21568,79
21569,69
21570,79
21571,82
21572,93
21573,90
21574,96
21575,83
21576,116
21577,110
21578,85
21579,85
21580,98
21581,106
21582,88
21583,142
21584,126
21585,145
21586,146
21587,169
21588,129
21589,147
21590,147
21591,167
21592,180
21593,191
21594,235
21595,241
21596,231
21597,253
21598,298
21599,313
21600,322
21601,332
21602,385
21603,430
21604,404
21605,409
21606,451
21607,456
21608,460
21609,468
21610,463
21611,421
21612,421
21613,395
21614,355
21615,305
21616,292
21617,213
21618,198
21619,172
21620,158
21621,133
21622,97
21623,94
21624,83
21625,90
21626,98
21627,92
21628,99
21629,129
21630,94
21631,101
21632,121
21633,89
21634,107
21635,115
21636,111
21637,160
21638,137
21639,189
21640,166
21641,174
21642,174
21643,201
21644,176
21645,174
21646,165
21647,155
21648,141
21649,121
21650,139
21651,151
21652,149
21653,156
21654,159
21655,136
21656,128
21657,165
21658,152
21659,147
21660,131
21661,121
21662,159
21663,145
21664,208
21665,183
21666,226
21667,208
21668,251
21669,259
21670,238
21671,253
21672,222
21673,232
21674,239
21675,242
21676,261
21677,253
21678,245
21679,222
21680,192
21681,177
21682,198
21683,178
21684,178
21685,139
21686,109
21687,117
21688,119
21689,96
21690,111
21691,94
21692,82
21693,85
21694,82
21695,96
21696,87
21697,86
21698,102
21699,99
21700,85
21701,121
21702,139
21703,131
21704,140
21705,156
21706,118
21707,114
21708,119
21709,120
21710,120
21711,122
21712,119
21713,122
21714,119
21715,127
21716,97
21717,121
21718,102
21719,112
21720,126
21721,94
21722,105
21723,109
21724,118
21725,88
21726,101
21727,97
21728,114
21729,113
21730,85
21731,115
21732,137
21733,96
21734,111
21735,93
21736,103
21737,87
21738,114
21739,96
21740,87
21741,130
21742,145
21743,148
21744,153
21745,144
21746,153
21747,136
21748,162
21749,158
21750,159
21751,185
21752,167
21753,218
21754,199
21755,186
21756,181
21757,162
21758,146
21759,142
21760,148
21761,111
21762,102
21763,83
21764,106
21765,109
21766,127
21767,100
21768,93
21769,126
21770,119
21771,118
21772,131
21773,155
21774,118
21775,136
21776,116
21777,104
21778,120
21779,111
21780,100
21781,111
21782,93
21783,118
21784,94
21785,80
21786,95
21787,118
21788,116
21789,116
21790,116
21791,116
21792,132
21793,147
21794,131
21795,128
21796,133
21797,116
21798,127
21799,112
21800,106
21801,107
21802,104
21803,106
21804,86
21805,117
21806,102
21807,104
21808,105
21809,114
21810,110
21811,112
21812,126
21813,104
21814,109
21815,102
21816,98
21817,122
21818,108
21819,106
21820,111
21821,119
21822,121
21823,102
21824,92
21825,87
21826,89
21827,83
21828,64
21829,71
21830,64
21831,64
21832,48
21833,61
21834,47
21835,57
21836,71
21837,57
21838,78
21839,78
21840,91
21841,76
21842,91
21843,64
21844,58
21845,57
21846,70
21847,84
21848,65
21849,61
21850,85
21851,92
21852,116
21853,101
21854,116
21855,152
21856,136
21857,193
21858,228
21859,216
21860,229
21861,227
21862,213
21863,202
21864,191
21865,176
21866,204
21867,243
21868,218
21869,220
21870,173
21871,170
21872,181
21873,188
21874,202
21875,172
21876,183
21877,169
21878,203
21879,199
21880,199
21881,191
21882,188
21883,186
21884,163
21885,206
21886,180
21887,185
21888,159
21889,174
21890,189
21891,228
21892,180
21893,163
21894,144
21895,150
21896,144
21897,152
21898,179
21899,175
21900,163
21901,184
21902,188
21903,166
21904,196
21905,194
21906,196
21907,214
21908,189
21909,160
21910,159
21911,179
21912,183
21913,185
21914,168
21915,166
21916,197
21917,192
21918,169
21919,169
21920,157
21921,187
21922,187
21923,208
21924,172
21925,144
21926,150
21927,139
21928,109
21929,101
21930,83
21931,77
21932,63
21933,57
21934,63
21935,52
21936,56
21937,45
21938,45
21939,42
21940,58
21941,36
21942,51
21943,37
21944,44
21945,57
21946,54
21947,48
21948,45
21949,53
21950,57
21951,49
21952,75
21953,66
21954,54
21955,79
21956,84
21957,88
21958,72
21959,71
21960,81
21961,64
21962,57
21963,53
21964,74
21965,71
21966,55
21967,62
21968,66
21969,75
21970,75
21971,53
21972,60
21973,80
21974,56
21975,47
21976,62
21977,37
21978,60
21979,55
21980,38
21981,57
21982,65
21983,64
21984,77
21985,66
21986,63
21987,55
21988,66
21989,51
21990,69
21991,73
21992,78
21993,62
21994,71
21995,63
21996,74
21997,95
21998,71
21999,98
22000,110
22001,103
22002,111
22003,116
22004,111
22005,133
22006,142
22007,151
22008,120
22009,129
22010,102
22011,97
22012,90
22013,106
22014,131
22015,137
22016,131
22017,145
22018,138
22019,114
22020,82
22021,106
22022,83
22023,78
22024,85
22025,77
22026,88
22027,71
22028,69
22029,55
22030,89
22031,69
22032,74
22033,65
22034,87
22035,83
22036,86
22037,84
22038,69
22039,74
22040,49
22041,69
22042,52
22043,54
22044,42
22045,53
22046,50
22047,61
22048,45
22049,63
22050,56
22051,59
22052,78
22053,76
22054,88
22055,66
22056,88
22057,112
22058,122
22059,111
22060,105
22061,105
22062,100
22063,101
22064,110
22065,95
22066,106
22067,119
22068,127
22069,161
22070,133
22071,123
22072,137
22073,129
22074,122
22075,90
22076,93
22077,107
22078,80
22079,79
22080,71
22081,83
22082,66
22083,84
22084,86
22085,113
22086,100
22087,89
22088,71
22089,81
22090,75
22091,76
22092,67
22093,67
22094,72
22095,84
22096,72
22097,46
22098,76
22099,51
22100,40
22101,42
22102,51
22103,48
22104,39
22105,38
22106,27
22107,44
22108,36
22109,36
22110,47
22111,31
22112,45
22113,40
22114,44
22115,40
22116,41
22117,49
22118,45
22119,42
22120,61
22121,55
22122,45
22123,39
22124,63
22125,44
22126,40
22127,45
22128,58
22129,57
22130,55
22131,71
22132,83
22133,82
22134,88
22135,109
22136,106
22137,119
22138,105
22139,100
22140,82
22141,67
22142,86
22143,90
22144,84
22145,64
22146,70
22147,65
22148,77
22149,56
22150,51
22151,52
22152,48
22153,51
22154,53
22155,48
22156,40
22157,40
22158,53
22159,35
22160,55
22161,61
22162,49
22163,56
22164,64
22165,51
22166,61
22167,65
22168,72
22169,83
22170,96
22171,103
22172,117
22173,147
22174,158
22175,191
22176,179
22177,195
22178,179
22179,191
22180,186
22181,230
22182,279
22183,225
22184,295
22185,328
22186,325
22187,365
22188,379
22189,379
22190,403
22191,391
22192,435
22193,540
22194,544
22195,546
22196,538
22197,491
22198,526
22199,450
22200,448
22201,459
22202,368
22203,355
22204,332
22205,311
22206,288
22207,325
22208,299
22209,281
22210,259
22211,275
22212,259
22213,226
22214,257
22215,239
22216,241
22217,217
22218,242
22219,267
22220,230
22221,220
22222,189
22223,186
22224,153
22225,165
22226,144
22227,134
22228,104
22229,87
22230,76
22231,69
22232,60
22233,67
22234,58
22235,61
22236,51
22237,53
22238,53
22239,52
22240,63
22241,57
22242,72
22243,78
22244,76
22245,89
22246,62
22247,85
22248,79
22249,108
22250,121
22251,105
22252,134
22253,128
22254,181
22255,165
22256,210
22257,219
22258,185
22259,220
22260,166
22261,162
22262,174
22263,178
22264,240
22265,246
22266,270
22267,246
22268,301
22269,284
22270,255
22271,232
22272,227
22273,242
22274,197
22275,235
22276,214
22277,261
22278,279
22279,254
22280,285
22281,283
22282,238
22283,234
22284,186
22285,167
22286,129
22287,126
22288,130
22289,134
22290,139
22291,106
22292,126
22293,123
22294,128
22295,130
22296,160
22297,140
22298,156
22299,149
22300,122
22301,117
22302,90
22303,95
22304,83
22305,78
22306,83
22307,75
22308,76
22309,68
22310,69
22311,87
22312,112
22313,87
22314,70
22315,86
22316,63
22317,88
22318,74
22319,76
22320,82
22321,70
22322,76
22323,72
22324,79
22325,81
22326,77
22327,73
22328,67
22329,66
22330,90
22331,82
22332,67
22333,66
22334,59
22335,62
22336,84
22337,113
22338,116
22339,111
22340,100
22341,97
22342,133
22343,111
22344,109
22345,143
22346,152
22347,165
22348,173
22349,131
22350,119
22351,121
22352,116
22353,80
22354,116
22355,101
22356,89
22357,62
22358,68
22359,59
22360,65
22361,58
22362,47
22363,61
22364,59
22365,44
22366,43
22367,57
22368,74
22369,65
22370,87
22371,85
22372,81
22373,95
22374,80
22375,98
22376,84
22377,76
22378,92
22379,86
22380,130
22381,160
22382,160
22383,153
22384,178
22385,178
22386,193
22387,238
22388,234
22389,248
22390,300
22391,321
22392,316
22393,314
22394,349
22395,352
22396,388
22397,407
22398,347
22399,340
22400,367
22401,307
22402,300
22403,256
22404,240
22405,256
22406,203
22407,202
22408,205
22409,190
22410,180
22411,164
22412,152
22413,138
22414,118
22415,116
22416,87
22417,80
22418,92
22419,66
22420,77
22421,50
22422,52
22423,59
22424,40
22425,37
22426,47
22427,40
22428,40
22429,36
22430,45
22431,37
22432,37
22433,43
22434,50
22435,41
22436,55
22437,54
22438,39
22439,55
22440,58
22441,57
22442,57
22443,58
22444,61
22445,61
22446,51
22447,56
22448,52
22449,58
22450,49
22451,64
22452,61
22453,53
22454,62
22455,63
22456,63
22457,71
22458,77
22459,69
22460,66
22461,76
22462,83
22463,68
22464,64
22465,72
22466,96
22467,75
22468,83
22469,70
22470,52
22471,70
22472,73
22473,61
22474,87
22475,65
22476,79
22477,81
22478,79
22479,78
22480,62
22481,77
22482,77
22483,58
22484,58
22485,58
22486,50
22487,46
22488,66
22489,61
22490,51
22491,48
22492,59
22493,48
22494,42
22495,57
22496,43
22497,59
22498,54
22499,40
22500,58
22501,54
22502,56
22503,56
22504,71
22505,61
22506,62
22507,81
22508,68
22509,86
22510,84
22511,91
22512,111
22513,99
22514,119
22515,118
22516,125
22517,161
22518,153
22519,177
22520,181
22521,183
22522,205
22523,173
22524,161
22525,161
22526,148
22527,162
22528,156
22529,166
22530,146
22531,151
22532,155
22533,143
22534,151
22535,160
22536,192
22537,197
22538,181
22539,166
22540,170
22541,171
22542,173
22543,165
22544,148
22545,190
22546,178
22547,194
22548,178
22549,162
22550,159
22551,146
22552,151
22553,166
22554,165
22555,171
22556,184
22557,176
22558,169
22559,196
22560,201
22561,205
22562,224
22563,234
22564,257
22565,268
22566,271
22567,260
22568,236
22569,202
22570,238
22571,238
22572,243
22573,259
22574,196
22575,191
22576,195
22577,131
22578,131
22579,152
22580,83
22581,115
22582,117
22583,128
22584,147
22585,171
22586,165
22587,162
22588,156
22589,140
22590,136
22591,110
22592,109
22593,102
22594,97
22595,99
22596,88
22597,78
22598,95
22599,84
22600,70
22601,77
22602,75
22603,93
22604,103
22605,102
22606,107
22607,121
22608,130
22609,142
22610,135
22611,101
22612,104
22613,119
22614,100
22615,113
22616,114
22617,101
22618,92
22619,102
22620,91
22621,90
22622,75
22623,55
22624,67
22625,70
22626,57
22627,62
22628,52
22629,65
22630,71
22631,61
22632,76
22633,69
22634,52
22635,60
22636,55
22637,52
22638,62
22639,63
22640,55
22641,73
22642,59
22643,80
22644,71
22645,60
22646,79
22647,68
22648,70
22649,85
22650,90
22651,109
22652,116
22653,113
22654,113
22655,123
22656,122
22657,109
22658,115
22659,136
22660,100
22661,144
22662,124
22663,127
22664,146
22665,125
22666,156
22667,158
22668,136
22669,149
22670,170
22671,185
22672,166
22673,180
22674,183
22675,215
22676,198
22677,197
22678,191
22679,182
22680,212
22681,186
22682,176
22683,157
22684,158
22685,144
22686,139
22687,115
22688,151
22689,98
22690,113
22691,116
22692,121
22693,129
22694,117
22695,115
22696,87
22697,86
22698,69
22699,87
22700,66
22701,71
22702,80
22703,64
22704,71
22705,59
22706,84
22707,88
22708,78
22709,98
22710,87
22711,94
22712,110
22713,77
22714,126
22715,96
22716,105
22717,113
22718,150
22719,159
22720,159
22721,170
22722,186
22723,153
22724,169
22725,196
22726,163
22727,176
22728,186
22729,169
22730,181
22731,211
22732,205
22733,190
22734,183
22735,213
22736,195
22737,157
22738,181
22739,224
22740,183
22741,204
22742,221
22743,214
22744,204
22745,203
22746,183
22747,187
22748,190
22749,194
22750,225
22751,204
22752,166
22753,182
22754,127
22755,94
22756,98
22757,108
22758,86
22759,93
22760,83
22761,72
22762,77
22763,67
22764,47
22765,54
22766,58
22767,41
22768,36
22769,57
22770,37
22771,41
22772,47
22773,42
22774,43
22775,50
22776,50
22777,43
22778,47
22779,40
22780,53
22781,59
22782,48
22783,46
22784,49
22785,45
22786,46
22787,39
22788,48
22789,59
22790,39
22791,50
22792,43
22793,50
22794,49
22795,47
22796,53
22797,48
22798,35
22799,62
22800,43
22801,54
22802,55
22803,57
22804,48
22805,53
22806,73
22807,68
22808,79
22809,75
22810,79
22811,89
22812,87
22813,74
22814,73
22815,71
22816,68
22817,74
22818,74
22819,91
22820,89
22821,70
22822,64
22823,62
22824,45
22825,69
22826,52
22827,50
22828,35
22829,58
22830,53
22831,45
22832,57
22833,42
22834,40
22835,52
22836,46
22837,54
22838,68
22839,75
22840,58
22841,64
22842,60
22843,79
22844,61
22845,52
22846,50
22847,46
22848,46
22849,42
22850,57
22851,50
22852,52
22853,56
22854,71
22855,92
22856,56
22857,64
22858,66
22859,78
22860,59
22861,40
22862,36
22863,38
22864,68
22865,63
22866,63
22867,55
22868,60
22869,63
22870,64
22871,64
22872,62
22873,55
22874,46
22875,47
22876,66
22877,89
22878,72
22879,93
22880,83
22881,90
22882,102
22883,89
22884,81
22885,82
22886,67
22887,92
22888,109
22889,92
22890,102
22891,93
22892,86
22893,88
22894,112
22895,94
22896,89
22897,133
22898,91
22899,98
22900,80
22901,83
22902,102
22903,119
22904,143
22905,144
22906,143
22907,131
22908,105
22909,94
22910,116
22911,112
22912,117
22913,119
22914,111
22915,137
22916,123
22917,149
22918,154
22919,125
22920,120
22921,102
22922,109
22923,92
22924,117
22925,105
22926,114
22927,112
22928,111
22929,110
22930,128
22931,90
22932,119
22933,136
22934,113
22935,115
22936,96
22937,103
22938,116
22939,102
22940,143
22941,135
22942,120
22943,89
22944,119
22945,110
22946,88
22947,108
22948,120
22949,136
22950,113
22951,141
22952,164
22953,133
22954,136
22955,147
22956,134
22957,135
22958,194
22959,201
22960,193
22961,195
22962,188
22963,196
22964,159
22965,164
22966,148
22967,149
22968,123
22969,120
22970,103
22971,105
22972,106
22973,95
22974,107
22975,96
22976,89
22977,86
22978,110
22979,120
22980,94
22981,87
22982,78
22983,103
22984,84
22985,63
22986,62
22987,75
22988,75
22989,48
22990,67
22991,80
22992,57
22993,65
22994,64
22995,70
22996,52
22997,61
22998,64
22999,51
23000,52
23001,50
23002,38
23003,33
23004,33
23005,49
23006,57
23007,58
23008,53
23009,62
23010,55
23011,63
23012,54
23013,65
23014,73
23015,67
23016,63
23017,54
23018,50
23019,67
23020,62
23021,58
23022,66
23023,48
23024,76
23025,53
23026,70
23027,68
23028,71
23029,78
23030,62
23031,62
23032,50
23033,39
23034,63
23035,53
23036,61
23037,47
23038,47
23039,49
23040,73
23041,62
23042,46
23043,65
23044,66
23045,54
23046,70
23047,78
23048,69
23049,62
23050,80
23051,79
23052,98
23053,128
23054,154
23055,191
23056,206
23057,206
23058,229
23059,250
23060,294
23061,268
23062,311
23063,322
23064,403
23065,465
23066,538
23067,601
23068,612
23069,584
23070,578
23071,694
23072,802
23073,933
23074,1029
23075,1108
23076,1332
23077,1574
23078,1628
23079,1737
23080,1858
23081,1731
23082,1687
23083,1511
23084,1466
23085,1298
23086,1162
23087,943
23088,807
23089,595
23090,519
23091,392
23092,385
23093,311
23094,242
23095,245
23096,191
23097,183
23098,149
23099,161
23100,112
23101,104
23102,89
23103,77
23104,78
23105,75
23106,84
23107,68
23108,66
23109,47
23110,65
23111,62
23112,48
23113,53
23114,54
23115,37
23116,29
23117,38
23118,48
23119,39
23120,28
23121,38
23122,33
23123,41
23124,33
23125,55
23126,53
23127,46
23128,45
23129,52
23130,54
23131,45
23132,47
23133,64
23134,46
23135,48
23136,58
23137,72
23138,57
23139,72
23140,64
23141,71
23142,71
23143,81
23144,88
23145,68
23146,76
23147,53
23148,68
23149,85
23150,80
23151,59
23152,61
23153,74
23154,72
23155,63
23156,62
23157,58
23158,49
23159,43
23160,67
23161,67
23162,68
23163,58
23164,52
23165,60
23166,60
23167,59
23168,62
23169,62
23170,80
23171,105
23172,112
23173,93
23174,103
23175,105
23176,124
23177,127
23178,121
23179,124
23180,136
23181,122
23182,107
23183,114
23184,90
23185,109
23186,139
23187,132
23188,143
23189,167
23190,189
23191,163
23192,173
23193,177
23194,174
23195,167
23196,173
23197,182
23198,166
23199,152
23200,149
23201,138
23202,96
23203,92
23204,84
23205,83
23206,100
23207,90
23208,104
23209,96
23210,75
23211,86
23212,103
23213,105
23214,72
23215,84
23216,84
23217,95
23218,82
23219,100
23220,88
23221,75
23222,63
23223,67
23224,75
23225,72
23226,93
23227,103
23228,94
23229,62
23230,82
23231,70
23232,76
23233,80
23234,83
23235,89
23236,70
23237,60
23238,66
23239,49
23240,44
23241,73
23242,70
23243,76
23244,63
23245,70
23246,65
23247,66
23248,77
23249,79
23250,97
23251,87
23252,76
23253,81
23254,77
23255,59
23256,57
23257,71
23258,73
23259,60
23260,57
23261,54
23262,60
23263,84
23264,61
23265,69
23266,52
23267,66
23268,80
23269,71
23270,84
23271,92
23272,96
23273,73
23274,88
23275,81
23276,104
23277,86
23278,94
23279,77
23280,108
23281,80
23282,95
23283,101
23284,111
23285,100
23286,111
23287,129
23288,101
23289,139
23290,123
23291,141
23292,132
23293,122
23294,118
23295,140
23296,126
23297,130
23298,179
23299,167
23300,162
23301,178
23302,192
23303,215
23304,211
23305,197
23306,231
23307,204
23308,221
23309,199
23310,204
23311,212
23312,205
23313,179
23314,141
23315,134
23316,144
23317,124
23318,140
23319,119
23320,127
23321,126
23322,121
23323,96
23324,108
23325,100
23326,93
23327,95
23328,107
23329,68
23330,85
23331,84
23332,85
23333,80
23334,73
23335,84
23336,73
23337,72
23338,59
23339,57
23340,65
23341,67
23342,84
23343,72
23344,94
23345,86
23346,88
23347,85
23348,95
23349,74
23350,77
23351,71
23352,75
23353,83
23354,69
23355,63
23356,73
23357,83
23358,68
23359,67
23360,67
23361,72
23362,37
23363,53
23364,57
23365,54
23366,56
23367,40
23368,38
23369,40
23370,47
23371,40
23372,37
23373,38
23374,36
23375,44
23376,42
23377,46
23378,55
23379,40
23380,54
23381,59
23382,80
23383,69
23384,61
23385,52
23386,68
23387,59
23388,66
23389,72
23390,60
23391,66
23392,67
23393,71
23394,66
23395,85
23396,78
23397,87
23398,92
23399,89
23400,93
23401,103
23402,92
23403,101
23404,88
23405,118
23406,85
23407,91
23408,118
23409,86
23410,80
23411,87
23412,73
23413,77
23414,86
23415,107
23416,125
23417,137
23418,154
23419,165
23420,187
23421,202
23422,229
23423,237
23424,243
23425,241
23426,231
23427,235
23428,238
23429,206
23430,145
23431,169
23432,131
23433,157
23434,152
23435,152
23436,166
23437,155
23438,185
23439,181
23440,191
23441,205
23442,214
23443,193
23444,219
23445,191
23446,186
23447,162
23448,192
23449,139
23450,154
23451,157
23452,115
23453,105
23454,101
23455,88
23456,85
23457,57
23458,78
23459,70
23460,79
23461,79
23462,85
23463,76
23464,65
23465,66
23466,52
23467,56
23468,45
23469,55
23470,51
23471,53
23472,69
23473,61
23474,70
23475,65
23476,61
23477,50
23478,52
23479,59
23480,39
23481,32
23482,30
23483,27
23484,24
23485,24
23486,31
23487,33
23488,27
23489,27
23490,32
23491,30
23492,26
23493,30
23494,35
23495,32
23496,28
23497,31
23498,41
23499,50
23500,44
23501,46
23502,54
23503,53
23504,62
23505,61
23506,51
23507,44
23508,54
23509,41
23510,46
23511,35
23512,38
23513,34
23514,39
23515,52
23516,61
23517,53
23518,53
23519,59
23520,50
23521,48
23522,70
23523,73
23524,38
23525,56
23526,58
23527,54
23528,54
23529,54
23530,67
23531,77
23532,63
23533,51
23534,66
23535,60
23536,48
23537,57
23538,55
23539,63
23540,51
23541,67
23542,79
23543,69
23544,90
23545,73
23546,75
23547,56
23548,63
23549,64
23550,61
23551,75
23552,85
23553,76
23554,91
23555,108
23556,91
23557,112
23558,118
23559,94
23560,94
23561,107
23562,106
23563,114
23564,107
23565,100
23566,119
23567,98
23568,117
23569,113
23570,94
23571,101
23572,138
23573,144
23574,125
23575,134
23576,120
23577,117
23578,110
23579,108
23580,144
23581,131
23582,139
23583,120
23584,122
23585,118
23586,120
23587,139
23588,131
23589,175
23590,151
23591,164
23592,175
23593,164
23594,160
23595,180
23596,209
23597,175
23598,217
23599,193
23600,178
23601,205
23602,229
23603,210
23604,241
23605,223
23606,230
23607,211
23608,204
23609,197
23610,200
23611,208
23612,180
23613,149
23614,131
23615,140
23616,150
23617,123
23618,109
23619,118
23620,147
23621,142
23622,125
23623,114
23624,113
23625,105
23626,89
23627,74
23628,87
23629,107
23630,101
23631,90
23632,90
23633,94
23634,76
23635,64
23636,75
23637,80
23638,82
23639,74
23640,85
23641,69
23642,83
23643,76
23644,80
23645,64
23646,61
23647,62
23648,65
23649,65
23650,62
23651,74
23652,58
23653,49
23654,54
23655,52
23656,32
23657,52
23658,50
23659,37
23660,34
23661,39
23662,44
23663,47
23664,36
23665,40
23666,48
23667,47
23668,40
23669,43
23670,43
23671,48
23672,51
23673,59
23674,31
23675,49
23676,43
23677,48
23678,47
23679,48
23680,40
23681,44
23682,58
23683,38
23684,41
23685,41
23686,43
23687,41
23688,42
23689,47
23690,52
23691,44
23692,33
23693,38
23694,36
23695,36
23696,40
23697,41
23698,35
23699,49
23700,32
23701,47
23702,31
23703,46
23704,37
23705,33
23706,36
23707,35
23708,34
23709,49
23710,28
23711,35
23712,35
23713,41
23714,48
23715,49
23716,50
23717,75
23718,95
23719,100
23720,111
23721,117
23722,111
23723,116
23724,122
23725,129
23726,135
23727,108
23728,116
23729,118
23730,97
23731,106
23732,106
23733,77
23734,74
23735,63
23736,82
23737,67
23738,58
23739,60
23740,58
23741,49
23742,53
23743,50
23744,44
23745,46
23746,35
23747,49
23748,47
23749,51
23750,47
23751,50
23752,88
23753,69
23754,97
23755,102
23756,85
23757,107
23758,97
23759,77
23760,82
23761,84
23762,108
23763,99
23764,127
23765,118
23766,141
23767,149
23768,130
23769,129
23770,129
23771,137
23772,147
23773,171
23774,188
23775,190
23776,157
23777,202
23778,149
23779,153
23780,130
23781,112
23782,113
23783,112
23784,80
23785,66
23786,70
23787,58
23788,50
23789,61
23790,70
23791,53
23792,60
23793,59
23794,65
23795,53
23796,45
23797,31
23798,50
23799,42
23800,49
23801,41
23802,52
23803,41
23804,48
23805,56
23806,43
23807,45
23808,41
23809,44
23810,56
23811,43
23812,62
23813,42
23814,48
23815,46
23816,36
23817,47
23818,29
23819,44
23820,41
23821,39
23822,34
23823,43
23824,47
23825,48
23826,31
23827,50
23828,44
23829,51
23830,60
23831,51
23832,70
23833,46
23834,62
23835,64
23836,70
23837,55
23838,51
23839,59
23840,54
23841,54
23842,55
23843,57
23844,63
23845,58
23846,67
23847,65
23848,62
23849,84
23850,72
23851,66
23852,68
23853,61
23854,61
23855,52
23856,53
23857,65
23858,59
23859,46
23860,50
23861,87
23862,67
23863,62
23864,82
23865,77
23866,121
23867,136
23868,163
23869,188
23870,143
23871,165
23872,198
23873,195
23874,225
23875,232
23876,216
23877,223
23878,179
23879,144
23880,135
23881,140
23882,128
23883,140
23884,157
23885,176
23886,190
23887,177
23888,180
23889,186
23890,182
23891,158
23892,161
23893,139
23894,127
23895,108
23896,93
23897,104
23898,97
23899,103
23900,107
23901,137
23902,127
23903,133
23904,120
23905,118
23906,118
23907,130
23908,117
23909,146
23910,119
23911,143
23912,124
23913,145
23914,194
23915,208
23916,193
23917,232
23918,236
23919,268
23920,239
23921,235
23922,238
23923,251
23924,238
23925,253
23926,221
23927,218
23928,197
23929,174
23930,156
23931,152
23932,151
23933,110
23934,104
23935,105
23936,117
23937,94
23938,77
23939,89
23940,102
23941,90
23942,98
23943,82
23944,85
23945,68
23946,87
23947,87
23948,85
23949,71
23950,69
23951,63
23952,84
23953,65
23954,82
23955,73
23956,89
23957,94
23958,90
23959,94
23960,94
23961,90
23962,100
23963,86
23964,68
23965,59
23966,75
23967,84
23968,99
23969,96
23970,87
23971,55
23972,66
23973,70
23974,74
23975,69
23976,72
23977,69
23978,72
23979,74
23980,93
23981,57
23982,81
23983,96
23984,85
23985,90
23986,61
23987,103
23988,119
23989,93
23990,115
23991,121
23992,101
23993,131
23994,110
23995,144
23996,159
23997,180
23998,199
23999,208
24000,205
24001,236
24002,224
24003,233
24004,265
24005,278
24006,249
24007,237
24008,244
24009,280
24010,253
24011,273
24012,238
24013,193
24014,189
24015,173
24016,146
24017,134
24018,123
24019,119
24020,107
24021,117
24022,105
24023,78
24024,86
24025,67
24026,62
24027,80
24028,62
24029,60
24030,60
24031,61
24032,57
24033,50
24034,63
24035,72
24036,66
24037,73
24038,69
24039,75
24040,76
24041,78
24042,76
24043,55
24044,53
24045,51
24046,52
24047,76
24048,93
24049,86
24050,110
24051,139
24052,115
24053,100
24054,114
24055,99
24056,93
24057,76
24058,70
24059,61
24060,41
24061,48
24062,57
24063,46
24064,51
24065,62
24066,74
24067,82
24068,90
24069,96
24070,97
24071,101
24072,80
24073,119
24074,137
24075,104
24076,135
24077,120
24078,133
24079,163
24080,193
24081,214
24082,238
24083,243
24084,269
24085,291
24086,291
24087,289
24088,277
24089,276
24090,298
24091,227
24092,276
24093,243
24094,205
24095,213
24096,192
24097,218
24098,170
24099,188
24100,175
24101,171
24102,166
24103,162
24104,160
24105,118
24106,120
24107,113
24108,89
24109,118
24110,109
24111,98
24112,98
24113,95
24114,79
24115,101
24116,122
24117,145
24118,137
24119,133
24120,139
24121,146
24122,120
24123,117
24124,158
24125,163
24126,159
24127,157
24128,165
24129,173
24130,179
24131,168
24132,158
24133,141
24134,135
24135,136
24136,114
24137,123
24138,96
24139,136
24140,127
24141,120
24142,162
24143,156
24144,171
24145,182
24146,196
24147,216
24148,216
24149,177
24150,190
24151,191
24152,212
24153,243
24154,272
24155,318
24156,329
24157,369
24158,387
24159,391
24160,430
24161,483
24162,470
24163,432
24164,458
24165,422
24166,408
24167,405
24168,435
24169,435
24170,433
24171,490
24172,500
24173,478
24174,439
24175,397
24176,392
24177,355
24178,318
24179,256
24180,207
24181,204
24182,175
24183,171
24184,150
24185,115
24186,134
24187,115
24188,124
24189,100
24190,111
24191,107
24192,139
24193,126
24194,126
24195,125
24196,122
24197,131
24198,114
24199,103
24200,95
24201,71
24202,71
24203,60
24204,45
24205,50
24206,48
24207,44
24208,38
24209,33
24210,22
24211,21
24212,23
24213,23
24214,33
24215,30
24216,32
24217,29
24218,33
24219,36
24220,38
24221,36
24222,46
24223,40
24224,47
24225,67
24226,47
24227,76
24228,54
24229,56
24230,67
24231,83
24232,77
24233,80
24234,100
24235,98
24236,78
24237,90
24238,98
24239,90
24240,94
24241,90
24242,103
24243,94
24244,112
24245,131
24246,127
24247,135
24248,128
24249,132
24250,130
24251,112
24252,114
24253,129
24254,102
24255,110
24256,112
24257,102
24258,94
24259,76
24260,65
24261,90
24262,75
24263,58
24264,66
24265,63
24266,67
24267,55
24268,58
24269,57
24270,66
24271,54
24272,70
24273,58
24274,59
24275,39
24276,49
24277,43
24278,35
24279,39
24280,33
24281,54
24282,44
24283,43
24284,28
24285,26
24286,32
24287,26
24288,21
24289,37
24290,25
24291,42
24292,27
24293,27
24294,27
24295,18
24296,38
24297,39
24298,26
24299,30
24300,29
24301,36
24302,37
24303,32
24304,44
24305,45
24306,48
24307,47
24308,46
24309,62
24310,48
24311,58
24312,58
24313,81
24314,61
24315,70
24316,53
24317,72
24318,92
24319,67
24320,65
24321,85
24322,83
24323,71
24324,71
24325,66
24326,56
24327,86
24328,58
24329,65
24330,71
24331,65
24332,63
24333,70
24334,59
24335,75
24336,60
24337,71
24338,55
24339,65
24340,59
24341,54
24342,45
24343,47
24344,37
24345,49
24346,35
24347,45
24348,34
24349,40
24350,39
24351,37
24352,44
24353,40
24354,33
24355,40
24356,38
24357,41
24358,38
24359,61
24360,59
24361,57
24362,67
24363,84
24364,68
24365,80
24366,71
24367,61
24368,48
24369,60
24370,69
24371,73
24372,78
24373,89
24374,85
24375,85
24376,104
24377,89
24378,111
24379,122
24380,128
24381,117
24382,135
24383,163
24384,144
24385,145
24386,138
24387,121
24388,120
24389,94
24390,103
24391,98
24392,74
24393,82
24394,78
24395,77
24396,53
24397,46
24398,56
24399,53
24400,52
24401,57
24402,53
24403,34
24404,53
24405,41
24406,45
24407,45
24408,53
24409,42
24410,50
24411,53
24412,66
24413,56
24414,58
24415,67
24416,50
24417,74
24418,84
24419,69
24420,68
24421,82
24422,51
24423,73
24424,64
24425,98
24426,124
24427,131
24428,167
24429,173
24430,198
24431,225
24432,211
24433,187
24434,237
24435,225
24436,190
24437,214
24438,221
24439,245
24440,253
24441,271
24442,325
24443,360
24444,367
24445,389
24446,416
24447,398
24448,381
24449,358
24450,339
24451,353
24452,320
24453,342
24454,387
24455,344
24456,361
24457,320
24458,412
24459,339
24460,364
24461,318
24462,283
24463,266
24464,190
24465,180
24466,210
24467,174
24468,204
24469,188
24470,184
24471,183
24472,166
24473,143
24474,125
24475,106
24476,113
24477,106
24478,89
24479,131
24480,144
24481,144
24482,148
24483,127
24484,134
24485,117
24486,104
24487,117
24488,97
24489,82
24490,100
24491,74
24492,90
24493,86
24494,84
24495,80
24496,78
24497,105
24498,81
24499,83
24500,85
24501,74
24502,76
24503,83
24504,83
24505,82
24506,70
24507,71
24508,60
24509,61
24510,53
24511,58
24512,59
24513,77
24514,64
24515,68
24516,53
24517,57
24518,50
24519,64
24520,48
24521,54
24522,66
24523,50
24524,62
24525,61
24526,70
24527,43
24528,52
24529,56
24530,58
24531,65
24532,36
24533,50
24534,55
24535,59
24536,76
24537,74
24538,74
24539,73
24540,68
24541,70
24542,74
24543,72
24544,91
24545,78
24546,76
24547,93
24548,63
24549,64
24550,51
24551,60
24552,43
24553,52
24554,65
24555,79
24556,72
24557,74
24558,85
24559,60
24560,64
24561,74
24562,87
24563,78
24564,91
24565,67
24566,74
24567,82
24568,80
24569,77
24570,76
24571,58
24572,56
24573,50
24574,41
24575,51
24576,37
24577,42
24578,41
24579,46
24580,29
24581,42
24582,43
24583,36
24584,38
24585,59
24586,63
24587,46
24588,53
24589,42
24590,38
24591,37
24592,66
24593,54
24594,45
24595,55
24596,44
24597,49
24598,55
24599,73
24600,68
24601,78
24602,67
24603,59
24604,63
24605,74
24606,40
24607,72
24608,67
24609,74
24610,72
24611,73
24612,75
24613,62
24614,86
24615,66
24616,73
24617,74
24618,73
24619,69
24620,68
24621,63
24622,75
24623,91
24624,93
24625,88
24626,93
24627,120
24628,112
24629,89
24630,92
24631,89
24632,69
24633,74
24634,67
24635,56
24636,62
24637,77
24638,76
24639,92
24640,89
24641,116
24642,143
24643,167
24644,193
24645,223
24646,266
24647,243
24648,256
24649,269
24650,273
24651,264
24652,282
24653,269
24654,223
24655,217
24656,224
24657,240
24658,238
24659,302
24660,242
24661,257
24662,234
24663,244
24664,209
24665,228
24666,190
24667,195
24668,224
24669,212
24670,233
24671,244
24672,231
24673,191
24674,210
24675,249
24676,287
24677,353
24678,393
24679,429
24680,435
24681,409
24682,403
24683,410
24684,420
24685,438
24686,430
24687,463
24688,424
24689,394
24690,365
24691,292
24692,273
24693,231
24694,184
24695,150
24696,151
24697,101
24698,97
24699,133
24700,114
24701,130
24702,104
24703,118
24704,113
24705,103
24706,113
24707,107
24708,122
24709,103
24710,84
24711,105
24712,87
24713,78
24714,75
24715,82
24716,74
24717,86
24718,75
24719,84
24720,67
24721,76
24722,96
24723,85
24724,91
24725,82
24726,84
24727,94
24728,90
24729,96
24730,81
24731,92
24732,95
24733,115
24734,107
24735,122
24736,90
24737,122
24738,122
24739,139
24740,120
24741,129
24742,152
24743,141
24744,138
24745,131
24746,123
24747,127
24748,137
24749,124
24750,118
24751,114
24752,110
24753,94
24754,126
24755,120
24756,106
24757,129
24758,141
24759,125
24760,88
24761,103
24762,121
24763,117
24764,164
24765,169
24766,160
24767,159
24768,146
24769,148
24770,162
24771,157
24772,188
24773,166
24774,195
24775,153
24776,134
24777,146
24778,130
24779,108
24780,115
24781,105
24782,116
24783,128
24784,124
24785,123
24786,115
24787,98
24788,98
24789,108
24790,84
24791,90
24792,71
24793,84
24794,60
24795,74
24796,50
24797,55
24798,50
24799,42
24800,40
24801,44
24802,40
24803,45
24804,36
24805,43
24806,46
24807,61
24808,58
24809,72
24810,75
24811,74
24812,66
24813,100
24814,84
24815,81
24816,80
24817,111
24818,122
24819,125
24820,112
24821,128
24822,117
24823,124
24824,127
24825,123
24826,123
24827,127
24828,139
24829,110
24830,109
24831,103
24832,141
24833,127
24834,146
24835,151
24836,159
24837,163
24838,166
24839,151
24840,128
24841,135
24842,100
24843,102
24844,105
24845,97
24846,122
24847,111
24848,115
24849,121
24850,126
24851,124
24852,136
24853,127
24854,140
24855,143
24856,133
24857,170
24858,142
24859,138
24860,130
24861,131
24862,120
24863,106
24864,99
24865,127
24866,123
24867,111
24868,96
24869,78
24870,97
24871,93
24872,105
24873,103
24874,115
24875,125
24876,110
24877,118
24878,138
24879,124
24880,116
24881,137
24882,128
24883,112
24884,96
24885,103
24886,99
24887,84
24888,61
24889,68
24890,67
24891,60
24892,62
24893,41
24894,44
24895,65
24896,49
24897,60
24898,59
24899,70
24900,71
24901,56
24902,73
24903,71
24904,82
24905,91
24906,71
24907,108
24908,81
24909,85
24910,76
24911,105
24912,85
24913,122
24914,152
24915,155
24916,144
24917,171
24918,161
24919,179
24920,152
24921,142
24922,88
24923,127
24924,108
24925,118
24926,109
24927,76
24928,87
24929,80
24930,61
24931,55
24932,67
24933,67
24934,55
24935,46
24936,64
24937,60
24938,32
24939,43
24940,43
24941,37
24942,47
24943,34
24944,38
24945,51
24946,56
24947,45
24948,61
24949,62
24950,91
24951,64
24952,105
24953,107
24954,74
24955,79
24956,78
24957,83
24958,58
24959,54
24960,71
24961,63
24962,54
24963,50
24964,59
24965,69
24966,57
24967,80
24968,68
24969,59
24970,57
24971,46
24972,39
24973,44
24974,30
24975,55
24976,52
24977,52
24978,62
24979,63
24980,53
24981,53
24982,66
24983,60
24984,49
24985,66
24986,74
24987,65
24988,76
24989,62
24990,61
24991,67
24992,52
24993,52
24994,61
24995,51
24996,47
24997,51
24998,61
24999,78
25000,66
25001,51
25002,56
25003,70
25004,66
25005,70
25006,69
25007,81
25008,57
25009,91
25010,76
25011,87
25012,110
25013,107
25014,104
25015,136
25016,146
25017,132
25018,165
25019,158
25020,142
25021,155
25022,137
25023,115
25024,133
25025,115
25026,104
25027,124
25028,123
25029,113
25030,114
25031,137
25032,106
25033,114
25034,119
25035,112
25036,101
25037,104
25038,127
25039,114
25040,156
25041,136
25042,133
25043,143
25044,144
25045,104
25046,112
25047,87
25048,95
25049,108
25050,128
25051,114
25052,112
25053,97
25054,74
25055,88
25056,60
25057,61
25058,54
25059,76
25060,75
25061,77
25062,101
25063,79
25064,73
25065,83
25066,82
25067,97
25068,87
25069,96
25070,79
25071,95
25072,76
25073,94
25074,62
25075,78
25076,92
25077,99
25078,79
25079,85
25080,90
25081,106
25082,141
25083,139
25084,149
25085,162
25086,163
25087,168
25088,174
25089,172
25090,154
25091,183
25092,159
25093,164
25094,164
25095,164
25096,156
25097,198
25098,185
25099,213
25100,236
25101,250
25102,246
25103,229
25104,227
25105,208
25106,207
25107,196
25108,184
25109,193
25110,194
25111,188
25112,178
25113,173
25114,175
25115,188
25116,137
25117,158
25118,161
25119,111
25120,121
25121,125
25122,133
25123,139
25124,130
25125,124
25126,114
25127,105
25128,99
25129,111
25130,112
25131,103
25132,103
25133,88
25134,95
25135,130
25136,136
25137,137
25138,130
25139,126
25140,128
25141,122
25142,140
25143,140
25144,126
25145,115
25146,141
25147,97
25148,104
25149,84
25150,118
25151,105
25152,101
25153,81
25154,83
25155,64
25156,96
25157,86
25158,92
25159,91
25160,91
25161,106
25162,80
25163,87
25164,76
25165,71
25166,67
25167,98
25168,70
25169,81
25170,72
25171,91
25172,82
25173,69
25174,74
25175,77
25176,76
25177,90
25178,70
25179,83
25180,95
25181,110
25182,113
25183,111
25184,147
25185,132
25186,152
25187,140
25188,166
25189,191
25190,194
25191,200
25192,252
25193,266
25194,302
25195,285
25196,296
25197,315
25198,296
25199,293
25200,266
25201,252
25202,250
25203,259
25204,294
25205,289
25206,273
25207,271
25208,242
25209,259
25210,308
25211,326
25212,345
25213,345
25214,344
25215,301
25216,300
25217,302
25218,339
25219,342
25220,376
25221,361
25222,343
25223,307
25224,328
25225,297
25226,359
25227,392
25228,407
25229,376
25230,371
25231,356
25232,284
25233,304
25234,303
25235,336
25236,340
25237,288
25238,303
25239,294
25240,309
25241,313
25242,300
25243,312
25244,249
25245,234
25246,242
25247,236
25248,196
25249,209
25250,180
25251,186
25252,162
25253,142
25254,122
25255,134
25256,129
25257,145
25258,135
25259,123
25260,121
25261,114
25262,140
25263,97
25264,108
25265,92
25266,111
25267,93
25268,112
25269,109
25270,121
25271,123
25272,121
25273,141
25274,135
25275,158
25276,142
25277,145
25278,146
25279,109
25280,109
25281,102
25282,119
25283,135
25284,115
25285,108
25286,89
25287,92
25288,83
25289,71
25290,53
25291,57
25292,33
25293,52
25294,45
25295,67
25296,44
25297,59
25298,60
25299,46
25300,50
25301,41
25302,49
25303,47
25304,42
25305,58
25306,56
25307,74
25308,62
25309,59
25310,66
25311,56
25312,60
25313,69
25314,66
25315,53
25316,71
25317,74
25318,94
25319,82
25320,117
25321,124
25322,121
25323,133
25324,148
25325,133
25326,153
25327,151
25328,132
25329,143
25330,167
25331,141
25332,164
25333,178
25334,245
25335,225
25336,192
25337,212
25338,181
25339,183
25340,216
25341,231
25342,189
25343,194
25344,180
25345,191
25346,173
25347,179
25348,185
25349,133
25350,154
25351,138
25352,125
25353,96
25354,89
25355,67
25356,88
25357,79
25358,90
25359,117
25360,104
25361,113
25362,118
25363,123
25364,122
25365,137
25366,137
25367,142
25368,152
25369,155
25370,176
25371,192
25372,217
25373,188
25374,167
25375,167
25376,165
25377,142
25378,97
25379,122
25380,93
25381,113
25382,106
25383,89
25384,98
25385,116
25386,98
25387,106
25388,93
25389,118
25390,125
25391,98
25392,119
25393,107
25394,97
25395,114
25396,109
25397,92
25398,86
25399,95
25400,80
25401,85
25402,82
25403,89
25404,60
25405,80
25406,62
25407,62
25408,45
25409,49
25410,52
25411,42
25412,46
25413,57
25414,46
25415,54
25416,60
25417,56
25418,53
25419,68
25420,62
25421,81
25422,88
25423,102
25424,107
25425,116
25426,156
25427,165
25428,209
25429,227
25430,269
25431,250
25432,245
25433,227
25434,221
25435,241
25436,208
25437,210
25438,241
25439,237
25440,213
25441,262
25442,279
25443,252
25444,276
25445,283
25446,311
25447,366
25448,451
25449,387
25450,369
25451,369
25452,350
25453,347
25454,334
25455,278
25456,269
25457,252
25458,249
25459,250
25460,249
25461,245
25462,241
25463,276
25464,289
25465,282
25466,336
25467,369
25468,358
25469,315
25470,288
25471,280
25472,265
25473,239
25474,235
25475,210
25476,173
25477,178
25478,159
25479,123
25480,141
25481,116
25482,148
25483,130
25484,160
25485,174
25486,139
25487,142
25488,132
25489,119
25490,119
25491,86
25492,108
25493,118
25494,124
25495,128
25496,140
25497,155
25498,126
25499,146
25500,136
25501,206
25502,238
25503,234
25504,273
25505,341
25506,360
25507,371
25508,382
25509,375
25510,396
25511,360
25512,297
25513,292
25514,278
25515,267
25516,196
25517,218
25518,170
25519,197
25520,166
25521,174
25522,172
25523,181
25524,194
25525,232
25526,220
25527,207
25528,239
25529,235
25530,238
25531,218
25532,235
25533,231
25534,230
25535,189
25536,197
25537,199
25538,201
25539,174
25540,177
25541,189
25542,176
25543,148
25544,162
25545,122
25546,141
25547,148
25548,165
25549,139
25550,164
25551,159
25552,182
25553,190
25554,183
25555,150
25556,186
25557,170
25558,151
25559,139
25560,140
25561,141
25562,116
25563,117
25564,139
25565,146
25566,140
25567,103
25568,125
25569,130
25570,121
25571,113
25572,114
25573,120
25574,111
25575,132
25576,102
25577,122
25578,102
25579,110
25580,104
25581,76
25582,90
25583,81
25584,84
25585,82
25586,80
25587,94
25588,116
25589,122
25590,176
25591,172
25592,207
25593,183
25594,234
25595,221
25596,221
25597,254
25598,301
25599,312
25600,367
25601,371
25602,362
25603,304
25604,350
25605,312
25606,278
25607,252
25608,246
25609,207
25610,198
25611,177
25612,182
25613,183
25614,198
25615,185
25616,163
25617,127
25618,119
25619,128
25620,117
25621,100
25622,90
25623,76
25624,61
25625,65
25626,55
25627,44
25628,59
25629,60
25630,51
25631,41
25632,37
25633,40
25634,44
25635,46
25636,32
25637,29
25638,51
25639,46
25640,51
25641,42
25642,49
25643,51
25644,47
25645,50
25646,57
25647,40
25648,64
25649,58
25650,59
25651,73
25652,64
25653,57
25654,80
25655,68
25656,63
25657,60
25658,66
25659,69
25660,73
25661,65
25662,64
25663,88
25664,55
25665,71
25666,69
25667,61
25668,60
25669,68
25670,73
25671,73
25672,83
25673,68
25674,96
25675,90
25676,73
25677,87
25678,86
25679,80
25680,88
25681,103
25682,87
25683,79
25684,90
25685,64
25686,92
25687,81
25688,92
25689,87
25690,96
25691,108
25692,93
25693,82
25694,90
25695,81
25696,97
25697,64
25698,71
25699,55
25700,55
25701,59
25702,60
25703,62
25704,45
25705,66
25706,50
25707,71
25708,64
25709,69
25710,53
25711,81
25712,60
25713,77
25714,85
25715,82
25716,97
25717,115
25718,107
25719,85
25720,87
25721,91
25722,71
25723,86
25724,81
25725,84
25726,89
25727,74
25728,101
25729,111
25730,116
25731,121
25732,124
25733,124
25734,131
25735,157
25736,137
25737,147
25738,135
25739,164
25740,141
25741,141
25742,138
25743,170
25744,159
25745,181
25746,189
25747,163
25748,139
25749,134
25750,139
25751,129
25752,130
25753,132
25754,132
25755,131
25756,129
25757,144
25758,111
25759,121
25760,121
25761,112
25762,120
25763,102
25764,104
25765,95
25766,81
25767,89
25768,80
25769,89
25770,60
25771,61
25772,55
25773,63
25774,86
25775,74
25776,100
25777,97
25778,97
25779,102
25780,97
25781,98
25782,111
25783,107
25784,114
25785,101
25786,112
25787,136
25788,164
25789,184
25790,168
25791,168
25792,196
25793,148
25794,147
25795,123
25796,138
25797,145
25798,152
25799,148
25800,149
25801,147
25802,142
25803,121
25804,113
25805,81
25806,70
25807,56
25808,60
25809,69
25810,52
25811,56
25812,54
25813,52
25814,57
25815,59
25816,68
25817,51
25818,53
25819,52
25820,51
25821,55
25822,44
25823,55
25824,52
25825,72
25826,59
25827,65
25828,77
25829,68
25830,77
25831,80
25832,82
25833,94
25834,96
25835,88
25836,83
25837,103
25838,92
25839,99
25840,107
25841,97
25842,102
25843,98
25844,94
25845,79
25846,74
25847,57
25848,47
25849,56
25850,56
25851,56
25852,61
25853,51
25854,63
25855,34
25856,57
25857,47
25858,51
25859,59
25860,63
25861,44
25862,60
25863,58
25864,52
25865,55
25866,48
25867,51
25868,52
25869,48
25870,39
25871,45
25872,53
25873,41
25874,53
25875,50
25876,62
25877,52
25878,46
25879,60
25880,40
25881,65
25882,103
25883,106
25884,93
25885,79
25886,91
25887,84
25888,66
25889,69
25890,94
25891,72
25892,65
25893,60
25894,66
25895,57
25896,64
25897,70
25898,58
25899,81
25900,49
25901,62
25902,65
25903,49
25904,52
25905,54
25906,55
25907,58
25908,62
25909,38
25910,35
25911,43
25912,34
25913,46
25914,55
25915,26
25916,55
25917,54
25918,49
25919,47
25920,48
25921,49
25922,46
25923,54
25924,49
25925,45
25926,53
25927,59
25928,58
25929,68
25930,64
25931,43
25932,59
25933,51
25934,56
25935,63
25936,74
25937,66
25938,71
25939,93
25940,102
25941,112
25942,129
25943,143
25944,155
25945,157
25946,172
25947,168
25948,170
25949,206
25950,208
25951,182
25952,182
25953,198
25954,151
25955,134
25956,165
25957,137
25958,165
25959,180
25960,186
25961,196
25962,191
25963,170
25964,154
25965,176
25966,181
25967,202
25968,225
25969,235
25970,216
25971,244
25972,260
25973,215
25974,235
25975,210
25976,198
25977,194
25978,189
25979,154
25980,170
25981,156
25982,130
25983,137
25984,124
25985,145
25986,120
25987,119
25988,100
25989,104
25990,138
25991,103
25992,96
25993,100
25994,130
25995,155
25996,158
25997,178
25998,184
25999,179
26000,186
26001,182
26002,160
26003,173
26004,188
26005,206
26006,225
26007,227
26008,251
26009,245
26010,268
26011,269
26012,340
26013,381
26014,384
26015,378
26016,410
26017,345
26018,404
26019,342
26020,267
26021,238
26022,251
26023,255
26024,257
26025,237
26026,215
26027,177
26028,164
26029,137
26030,131
26031,102
26032,91
26033,92
26034,82
26035,71
26036,83
26037,52
26038,77
26039,67
26040,70
26041,66
26042,55
26043,44
26044,47
26045,43
26046,65
26047,61
26048,55
26049,43
26050,57
26051,57
26052,48
26053,54
26054,65
26055,55
26056,55
26057,52
26058,55
26059,58
26060,54
26061,70
26062,69
26063,77
26064,90
26065,74
26066,82
26067,100
26068,107
26069,103
26070,131
26071,133
26072,138
26073,163
26074,163
26075,162
26076,165
26077,144
26078,125
26079,140
26080,106
26081,118
26082,88
26083,79
26084,88
26085,91
26086,86
26087,92
26088,75
26089,83
26090,87
26091,81
26092,71
26093,83
26094,68
26095,81
26096,104
26097,98
26098,99
26099,128
26100,141
26101,118
26102,136
26103,121
26104,110
26105,134
26106,121
26107,120
26108,99
26109,84
26110,85
26111,79
26112,81
26113,79
26114,61
26115,60
26116,60
26117,48
26118,64
26119,59
26120,55
26121,45
26122,49
26123,39
26124,39
26125,42
26126,43
26127,36
26128,43
26129,41
26130,45
26131,44
26132,38
26133,39
26134,47
26135,51
26136,42
26137,48
26138,46
26139,32
26140,41
26141,35
26142,52
26143,54
26144,53
26145,59
26146,52
26147,57
26148,61
26149,65
26150,58
26151,69
26152,72
26153,77
26154,94
26155,95
26156,110
26157,146
26158,121
26159,135
26160,160
26161,154
26162,162
26163,215
26164,201
26165,219
26166,228
26167,269
26168,293
26169,278
26170,266
26171,245
26172,200
26173,202
26174,234
26175,198
26176,218
26177,247
26178,272
26179,310
26180,256
26181,270
26182,258
26183,270
26184,260
26185,256
26186,234
26187,193
26188,174
26189,152
26190,142
26191,152
26192,147
26193,134
26194,106
26195,85
26196,91
26197,73
26198,68
26199,57
26200,51
26201,60
26202,64
26203,75
26204,72
26205,64
26206,66
26207,58
26208,54
26209,48
26210,56
26211,40
26212,46
26213,47
26214,34
26215,42
26216,42
26217,38
26218,35
26219,56
26220,43
26221,50
26222,32
26223,47
26224,61
26225,68
26226,46
26227,52
26228,53
26229,42
26230,48
26231,56
26232,52
26233,42
26234,46
26235,41
26236,36
26237,40
26238,29
26239,43
26240,34
26241,32
26242,37
26243,49
26244,48
26245,47
26246,59
26247,34
26248,48
26249,44
26250,35
26251,54
26252,51
26253,54
26254,55
26255,63
26256,51
26257,50
26258,56
26259,60
26260,59
26261,62
26262,60
26263,69
26264,61
26265,54
26266,88
26267,83
26268,61
26269,81
26270,76
26271,90
26272,79
26273,76
26274,70
26275,66
26276,54
26277,62
26278,59
26279,51
26280,53
26281,44
26282,50
26283,51
26284,53
26285,63
26286,57
26287,54
26288,54
26289,68
26290,71
26291,65
26292,79
26293,79
26294,93
26295,74
26296,65
26297,78
26298,85
26299,82
26300,71
26301,80
26302,76
26303,80
26304,59
26305,73
26306,82
26307,74
26308,71
26309,94
26310,112
26311,124
26312,133
26313,125
26314,119
26315,123
26316,116
26317,121
26318,101
26319,126
26320,104
26321,113
26322,100
26323,92
26324,87
26325,101
26326,87
26327,93
26328,90
26329,93
26330,93
26331,86
26332,92
26333,74
26334,71
26335,65
26336,60
26337,48
26338,59
26339,61
26340,45
26341,43
26342,45
26343,49
26344,50
26345,78
26346,70
26347,79
26348,79
26349,85
26350,71
26351,94
26352,90
26353,114
26354,102
26355,123
26356,134
26357,123
26358,116
26359,132
26360,127
26361,124
26362,113
26363,86
26364,108
26365,97
26366,103
26367,111
26368,105
26369,134
26370,125
26371,132
26372,150
26373,196
26374,176
26375,213
26376,202
26377,207
26378,176
26379,193
26380,170
26381,168
26382,154
26383,148
26384,165
26385,159
26386,133
26387,140
26388,128
26389,128
26390,141
26391,119
26392,132
26393,114
26394,113
26395,98
26396,72
26397,91
26398,88
26399,77
26400,77
26401,67
26402,67
26403,101
26404,92
26405,91
26406,74
26407,94
26408,89
26409,76
26410,100
26411,86
26412,92
26413,81
26414,117
26415,128
26416,122
26417,137
26418,132
26419,115
26420,145
26421,132
26422,143
26423,164
26424,134
26425,116
26426,117
26427,84
26428,120
26429,96
26430,83
26431,63
26432,68
26433,62
26434,65
26435,47
26436,55
26437,56
26438,53
26439,61
26440,58
26441,50
26442,59
26443,51
26444,71
26445,44
26446,55
26447,51
26448,71
26449,62
26450,56
26451,70
26452,45
26453,56
26454,55
26455,68
26456,57
26457,59
26458,73
26459,60
26460,72
26461,78
26462,110
26463,95
26464,92
26465,95
26466,115
26467,124
26468,142
26469,174
26470,189
26471,168
26472,257
26473,279
26474,295
26475,283
26476,322
26477,393
26478,404
26479,455
26480,382
26481,375
26482,383
26483,341
26484,290
26485,285
26486,248
26487,245
26488,175
26489,145
26490,131
26491,141
26492,96
26493,88
26494,70
26495,72
26496,65
26497,67
26498,57
26499,61
26500,42
26501,47
26502,36
26503,40
26504,31
26505,34
26506,33
26507,31
26508,37
26509,27
26510,49
26511,34
26512,47
26513,54
26514,61
26515,49
26516,59
26517,59
26518,67
26519,69
26520,82
26521,72
26522,69
26523,76
26524,89
26525,92
26526,82
26527,91
26528,106
26529,91
26530,104
26531,103
26532,103
26533,139
26534,159
26535,180
26536,165
26537,196
26538,196
26539,180
26540,153
26541,177
26542,160
26543,185
26544,192
26545,189
26546,197
26547,179
26548,159
26549,151
26550,136
26551,143
26552,141
26553,141
26554,156
26555,157
26556,135
26557,130
26558,117
26559,113
26560,127
26561,107
26562,84
26563,125
26564,111
26565,85
26566,89
26567,107
26568,85
26569,111
26570,124
26571,109
26572,98
26573,117
26574,133
26575,180
26576,186
26577,211
26578,214
26579,180
26580,187
26581,198
26582,168
26583,196
26584,184
26585,191
26586,207
26587,176
26588,201
26589,199
26590,213
26591,197
26592,204
26593,240
26594,250
26595,254
26596,221
26597,206
26598,214
26599,195
26600,157
26601,176
26602,189
26603,197
26604,211
26605,204
26606,149
26607,158
26608,133
26609,136
26610,108
26611,103
26612,102
26613,119
26614,104
26615,107
26616,121
26617,127
26618,126
26619,130
26620,114
26621,100
26622,94
26623,89
26624,98
26625,97
26626,99
26627,115
26628,86
26629,123
26630,109
26631,154
26632,142
26633,138
26634,120
26635,111
26636,115
26637,89
26638,64
26639,88
26640,61
26641,64
26642,73
26643,56
26644,66
26645,48
26646,46
26647,54
26648,74
26649,67
26650,79
26651,99
26652,77
26653,89
26654,109
26655,93
26656,102
26657,115
26658,101
26659,116
26660,96
26661,93
26662,92
26663,108
26664,101
26665,118
26666,106
26667,87
26668,112
26669,92
26670,96
26671,102
26672,91
26673,111
26674,103
26675,104
26676,102
26677,116
26678,106
26679,97
26680,81
26681,107
26682,98
26683,118
26684,118
26685,141
26686,115
26687,98
26688,111
26689,116
26690,89
26691,82
26692,67
26693,83
26694,77
26695,73
26696,65
26697,82
26698,61
26699,53
26700,61
26701,81
26702,74
26703,103
26704,91
26705,107
26706,93
26707,110
26708,118
26709,109
26710,110
26711,123
26712,119
26713,121
26714,107
26715,156
26716,130
26717,122
26718,136
26719,106
26720,110
26721,100
26722,118
26723,101
26724,125
26725,107
26726,120
26727,115
26728,91
26729,89
26730,90
26731,78
26732,92
26733,123
26734,128
26735,130
26736,146
26737,138
26738,119
26739,116
26740,124
26741,133
26742,113
26743,136
26744,140
26745,147
26746,129
26747,147
26748,145
26749,152
26750,166
26751,180
26752,202
26753,214
26754,234
26755,234
26756,269
26757,267
26758,279
26759,231
26760,238
26761,215
26762,232
26763,220
26764,224
26765,199
26766,204
26767,159
26768,171
26769,170
26770,149
26771,172
26772,127
26773,107
26774,112
26775,125
26776,120
26777,113
26778,93
26779,115
26780,106
26781,112
26782,102
26783,128
26784,94
26785,96
26786,119
26787,89
26788,109
26789,95
26790,85
26791,61
26792,73
26793,75
26794,58
26795,60
26796,47
26797,37
26798,45
26799,26
26800,30
26801,41
26802,30
26803,24
26804,28
26805,23
26806,23
26807,29
26808,21
26809,31
26810,31
26811,24
26812,26
26813,28
26814,30
26815,21
26816,35
26817,31
26818,27
26819,42
26820,44
26821,43
26822,44
26823,41
26824,45
26825,40
26826,34
26827,45
26828,37
26829,43
26830,44
26831,47
26832,52
26833,46
26834,47
26835,49
26836,45
26837,63
26838,65
26839,71
26840,77
26841,69
26842,73
26843,59
26844,84
26845,71
26846,88
26847,93
26848,88
26849,110
26850,94
26851,101
26852,118
26853,119
26854,124
26855,122
26856,147
26857,143
26858,159
26859,163
26860,219
26861,252
26862,237
26863,282
26864,256
26865,278
26866,277
26867,225
26868,270
26869,208
26870,182
26871,199
26872,180
26873,172
26874,98
26875,105
26876,128
26877,106
26878,98
26879,100
26880,109
26881,122
26882,129
26883,127
26884,126
26885,124
26886,114
26887,144
26888,148
26889,173
26890,212
26891,149
26892,146
26893,165
26894,129
26895,120
26896,111
26897,96
26898,88
26899,90
26900,80
26901,58
26902,58
26903,60
26904,62
26905,49
26906,63
26907,69
26908,78
26909,79
26910,97
26911,75
26912,91
26913,91
26914,103
26915,125
26916,102
26917,100
26918,104
26919,92
26920,98
26921,99
26922,81
26923,99
26924,96
26925,75
26926,92
26927,75
26928,94
26929,74
26930,71
26931,75
26932,63
26933,63
26934,65
26935,58
26936,79
26937,86
26938,79
26939,68
26940,76
26941,70
26942,74
26943,79
26944,88
26945,74
26946,78
26947,91
26948,97
26949,65
26950,83
26951,80
26952,63
26953,75
26954,85
26955,79
26956,88
26957,97
26958,103
26959,115
26960,123
26961,111
26962,116
26963,133
26964,148
26965,170
26966,170
26967,223
26968,210
26969,180
26970,186
26971,137
26972,131
26973,122
26974,155
26975,141
26976,175
26977,139
26978,181
26979,203
26980,205
26981,164
26982,193
26983,220
26984,183
26985,177
26986,170
26987,146
26988,160
26989,171
26990,219
26991,267
26992,303
26993,318
26994,374
26995,369
26996,360
26997,377
26998,342
26999,360
27000,310
27001,228
27002,219
27003,196
27004,178
27005,145
27006,157
27007,120
27008,136
27009,160
27010,164
27011,137
27012,170
27013,131
27014,115
27015,110
27016,157
27017,157
27018,162
27019,192
27020,156
27021,164
27022,153
27023,123
27024,101
27025,85
27026,100
27027,82
27028,63
27029,75
27030,60
27031,86
27032,97
27033,97
27034,97
27035,109
27036,129
27037,125
27038,145
27039,153
27040,156
27041,168
27042,143
27043,137
27044,125
27045,116
27046,85
27047,80
27048,90
27049,93
27050,70
27051,66
27052,79
27053,69
27054,69
27055,57
27056,58
27057,64
27058,64
27059,64
27060,59
27061,63
27062,50
27063,58
27064,40
27065,65
27066,69
27067,71
27068,73
27069,66
27070,63
27071,73
27072,98
27073,115
27074,121
27075,115
27076,119
27077,110
27078,138
27079,133
27080,98
27081,118
27082,101
27083,128
27084,115
27085,140
27086,133
27087,124
27088,157
27089,148
27090,147
27091,109
27092,110
27093,101
27094,99
27095,109
27096,111
27097,118
27098,128
27099,135
27100,145
27101,173
27102,153
27103,118
27104,123
27105,143
27106,131
27107,114
27108,127
27109,128
27110,122
27111,103
27112,99
27113,127
27114,104
27115,98
27116,95
27117,101
27118,102
27119,97
27120,108
27121,124
27122,107
27123,133
27124,117
27125,132
27126,126
27127,108
27128,109
27129,118
27130,108
27131,110
27132,127
27133,133
27134,114
27135,144
27136,162
27137,157
27138,121
27139,132
27140,120
27141,117
27142,119
27143,123
27144,122
27145,112
27146,122
27147,97
27148,109
27149,103
27150,108
27151,154
27152,138
27153,186
27154,176
27155,203
27156,198
27157,249
27158,253
27159,280
27160,266
27161,254
27162,237
27163,220
27164,200
27165,168
27166,203
27167,199
27168,236
27169,249
27170,277
27171,281
27172,280
27173,248
27174,274
27175,251
27176,259
27177,243
27178,256
27179,276
27180,270
27181,279
27182,266
27183,203
27184,224
27185,188
27186,197
27187,190
27188,175
27189,152
27190,115
27191,118
27192,100
27193,125
27194,111
27195,84
27196,100
27197,96
27198,67
27199,70
27200,57
27201,71
27202,82
27203,56
27204,71
27205,61
27206,58
27207,71
27208,58
27209,83
27210,72
27211,46
27212,70
27213,49
27214,60
27215,61
27216,66
27217,57
27218,41
27219,53
27220,53
27221,42
27222,38
27223,42
27224,49
27225,56
27226,63
27227,76
27228,73
27229,66
27230,72
27231,57
27232,53
27233,73
27234,65
27235,72
27236,75
27237,86
27238,83
27239,67
27240,90
27241,67
27242,74
27243,76
27244,81
27245,72
27246,72
27247,73
27248,77
27249,84
27250,87
27251,72
27252,82
27253,76
27254,94
27255,80
27256,92
27257,84
27258,91
27259,78
27260,70
27261,93
27262,92
27263,62
27264,100
27265,111
27266,127
27267,136
27268,155
27269,208
27270,210
27271,188
27272,190
27273,159
27274,146
27275,150
27276,136
27277,196
27278,177
27279,207
27280,210
27281,232
27282,229
27283,221
27284,240
27285,210
27286,221
27287,235
27288,237
27289,270
27290,251
27291,266
27292,273
27293,228
27294,246
27295,197
27296,220
27297,237
27298,273
27299,208
27300,213
27301,198
27302,196
27303,222
27304,197
27305,191
27306,168
27307,183
27308,166
27309,165
27310,152
27311,152
27312,173
27313,187
27314,184
27315,152
27316,161
27317,171
27318,171
27319,121
27320,120
27321,110
27322,118
27323,135
27324,118
27325,116
27326,88
27327,80
27328,91
27329,81
27330,95
27331,96
27332,102
27333,111
27334,113
27335,105
27336,118
27337,124
27338,129
27339,137
27340,143
27341,149
27342,158
27343,179
27344,202
27345,191
27346,196
27347,182
27348,221
27349,175
27350,162
27351,156
27352,136
27353,145
27354,156
27355,164
27356,147
27357,162
27358,149
27359,190
27360,141
27361,142
27362,140
27363,154
27364,134
27365,153
27366,124
27367,120
27368,117
27369,125
27370,124
27371,140
27372,212
27373,176
27374,225
27375,199
27376,196
27377,211
27378,216
27379,198
27380,201
27381,193
27382,171
27383,183
27384,181
27385,158
27386,140
27387,108
27388,147
27389,150
27390,121
27391,106
27392,145
27393,121
27394,118
27395,102
27396,105
27397,126
27398,86
27399,102
27400,92
27401,75
27402,93
27403,95
27404,89
27405,109
27406,106
27407,142
27408,129
27409,166
27410,170
27411,175
27412,224
27413,223
27414,215
27415,240
27416,222
27417,219
27418,178
27419,185
27420,172
27421,165
27422,181
27423,124
27424,142
27425,132
27426,135
27427,139
27428,114
27429,107
27430,84
27431,102
27432,83
27433,93
27434,103
27435,105
27436,74
27437,90
27438,90
27439,73
27440,69
27441,80
27442,54
27443,68
27444,75
27445,66
27446,92
27447,68
27448,102
27449,91
27450,104
27451,135
27452,118
27453,123
27454,134
27455,124
27456,109
27457,117
27458,103
27459,120
27460,111
27461,95
27462,87
27463,118
27464,107
27465,98
27466,102
27467,88
27468,76
27469,84
27470,75
27471,69
27472,49
27473,65
27474,75
27475,86
27476,67
27477,78
27478,88
27479,82
27480,83
27481,84
27482,59
27483,58
27484,60
27485,65
27486,48
27487,64
27488,46
27489,46
27490,56
27491,59
27492,68
27493,63
27494,53
27495,62
27496,59
27497,43
27498,38
27499,45
27500,53
27501,51
27502,43
27503,40
27504,35
27505,41
27506,32
27507,43
27508,47
27509,38
27510,64
27511,48
27512,48
27513,35
27514,41
27515,34
27516,36
27517,35
27518,48
27519,45
27520,42
27521,53
27522,52
27523,52
27524,53
27525,38
27526,57
27527,42
27528,45
27529,53
27530,45
27531,41
27532,46
27533,37
27534,56
27535,64
27536,81
27537,67
27538,65
27539,88
27540,71
27541,74
27542,62
27543,60
27544,80
27545,62
27546,67
27547,82
27548,72
27549,68
27550,57
27551,66
27552,75
27553,65
27554,54
27555,53
27556,56
27557,51
27558,49
27559,45
27560,42
27561,42
27562,39
27563,47
27564,53
27565,54
27566,65
27567,54
27568,47
27569,54
27570,44
27571,55
27572,65
27573,73
27574,95
27575,98
27576,81
27577,95
27578,101
27579,114
27580,86
27581,100
27582,97
27583,80
27584,102
27585,84
27586,72
27587,76
27588,73
27589,85
27590,68
27591,85
27592,74
27593,74
27594,75
27595,88
27596,80
27597,80
27598,84
27599,78
27600,77
27601,78
27602,83
27603,78
27604,100
27605,80
27606,62
27607,72
27608,78
27609,65
27610,68
27611,59
27612,52
27613,58
27614,64
27615,59
27616,75
27617,68
27618,75
27619,89
27620,72
27621,58
27622,82
27623,67
27624,88
27625,99
27626,72
27627,79
27628,88
27629,74
27630,72
27631,71
27632,68
27633,70
27634,68
27635,62
27636,56
27637,75
27638,71
27639,63
27640,91
27641,80
27642,69
27643,76
27644,70
27645,69
27646,93
27647,95
27648,104
27649,117
27650,115
27651,106
27652,128
27653,142
27654,135
27655,137
27656,127
27657,142
27658,126
27659,149
27660,157
27661,154
27662,160
27663,162
27664,137
27665,144
27666,142
27667,127
27668,100
27669,87
27670,101
27671,70
27672,85
27673,48
27674,75
27675,64
27676,54
27677,51
27678,47
27679,63
27680,43
27681,46
27682,52
27683,62
27684,53
27685,58
27686,61
27687,76
27688,60
27689,51
27690,61
27691,65
27692,60
27693,64
27694,66
27695,52
27696,52
27697,70
27698,63
27699,51
27700,62
27701,56
27702,38
27703,54
27704,30
27705,38
27706,41
27707,33
27708,39
27709,23
27710,41
27711,32
27712,27
27713,33
27714,41
27715,50
27716,55
27717,53
27718,42
27719,57
27720,44
27721,50
27722,64
27723,63
27724,61
27725,54
27726,68
27727,64
27728,65
27729,73
27730,53
27731,59
27732,58
27733,65
27734,67
27735,79
27736,70
27737,88
27738,80
27739,76
27740,80
27741,75
27742,76
27743,72
27744,98
27745,92
27746,72
27747,75
27748,135
27749,143
27750,134
27751,143
27752,131
27753,143
27754,135
27755,162
27756,149
27757,140
27758,113
27759,126
27760,143
27761,134
27762,134
27763,149
27764,153
27765,130
27766,146
27767,117
27768,116
27769,144
27770,145
27771,146
27772,170
27773,201
27774,195
27775,185
27776,204
27777,211
27778,202
27779,169
27780,159
27781,155
27782,152
27783,147
27784,120
27785,133
27786,146
27787,126
27788,141
27789,164
27790,138
27791,146
27792,155
27793,143
27794,124
27795,124
27796,115
27797,109
27798,109
27799,86
27800,111
27801,87
27802,68
27803,57
27804,59
27805,65
27806,69
27807,62
27808,57
27809,68
27810,58
27811,72
27812,66
27813,58
27814,62
27815,66
27816,72
27817,74
27818,65
27819,91
27820,95
27821,82
27822,84
27823,54
27824,64
27825,68
27826,58
27827,54
27828,62
27829,61
27830,50
27831,57
27832,57
27833,52
27834,50
27835,59
27836,61
27837,67
27838,52
27839,54
27840,43
27841,60
27842,47
27843,52
27844,56
27845,45
27846,70
27847,63
27848,65
27849,74
27850,77
27851,81
27852,84
27853,82
27854,68
27855,87
27856,59
27857,87
27858,73
27859,97
27860,87
27861,71
27862,84
27863,84
27864,81
27865,83
27866,96
27867,94
27868,87
27869,100
27870,106
27871,109
27872,106
27873,123
27874,127
27875,137
27876,115
27877,111
27878,111
27879,89
27880,76
27881,82
27882,97
27883,118
27884,100
27885,126
27886,144
27887,146
27888,143
27889,150
27890,162
27891,157
27892,139
27893,139
27894,159
27895,152
27896,220
27897,229
27898,213
27899,240
27900,246
27901,247
27902,261
27903,274
27904,332
27905,339
27906,397
27907,467
27908,410
27909,425
27910,417
27911,371
27912,356
27913,325
27914,278
27915,254
27916,201
27917,178
27918,187
27919,165
27920,136
27921,120
27922,111
27923,122
27924,96
27925,106
27926,96
27927,76
27928,77
27929,84
27930,63
27931,68
27932,57
27933,54
27934,46
27935,57
27936,30
27937,43
27938,37
27939,41
27940,33
27941,28
27942,34
27943,47
27944,41
27945,33
27946,45
27947,42
27948,42
27949,43
27950,41
27951,50
27952,51
27953,54
27954,42
27955,59
27956,39
27957,50
27958,68
27959,53
27960,48
27961,69
27962,56
27963,52
27964,72
27965,79
27966,62
27967,69
27968,73
27969,88
27970,89
27971,76
27972,90
27973,95
27974,98
27975,105
27976,98
27977,119
27978,102
27979,98
27980,100
27981,98
27982,116
27983,127
27984,121
27985,135
27986,141
27987,126
27988,117
27989,139
27990,109
27991,115
27992,132
27993,136
27994,165
27995,147
27996,139
27997,143
27998,130
27999,130
28000,129
28001,134
28002,145
28003,153
28004,120
28005,122
28006,147
28007,159
28008,173
28009,174
28010,167
28011,198
28012,145
28013,166
28014,157
28015,174
28016,151
28017,160
28018,151
28019,148
28020,120
28021,130
28022,129
28023,141
28024,132
28025,91
28026,103
28027,121
28028,113
28029,98
28030,127
28031,130
28032,115
28033,107
28034,121
28035,78
28036,69
28037,75
28038,57
28039,51
28040,60
28041,51
28042,56
28043,49
28044,48
28045,42
28046,47
28047,46
28048,69
28049,64
28050,61
28051,62
28052,68
28053,53
28054,61
28055,62
28056,73
28057,65
28058,76
28059,82
28060,65
28061,70
28062,90
28063,79
28064,93
28065,77
28066,63
28067,70
28068,61
28069,50
28070,50
28071,73
28072,46
28073,65
28074,52
28075,80
28076,101
28077,111
28078,99
28079,136
28080,111
28081,110
28082,99
28083,101
28084,80
28085,74
28086,87
28087,77
28088,82
28089,79
28090,67
28091,90
28092,60
28093,75
28094,83
28095,74
28096,82
28097,83
28098,59
28099,79
28100,67
28101,66
28102,69
28103,64
28104,57
28105,71
28106,53
28107,50
28108,59
28109,43
28110,59
28111,35
28112,49
28113,42
28114,44
28115,47
28116,50
28117,53
28118,49
28119,62
28120,66
28121,68
28122,53
28123,46
28124,47
28125,60
28126,44
28127,48
28128,42
28129,53
28130,50
28131,40
28132,62
28133,61
28134,60
28135,86
28136,66
28137,77
28138,80
28139,65
28140,77
28141,66
28142,82
28143,61
28144,66
28145,58
28146,67
28147,71
28148,57
28149,72
28150,75
28151,75
28152,81
28153,94
28154,103
28155,116
28156,96
28157,84
28158,85
28159,79
28160,71
28161,89
28162,75
28163,91
28164,89
28165,72
28166,65
28167,70
28168,82
28169,75
28170,80
28171,69
28172,107
28173,103
28174,127
28175,161
28176,156
28177,175
28178,169
28179,167
28180,166
28181,178
28182,166
28183,221
28184,201
28185,233
28186,223
28187,235
28188,248
28189,260
28190,294
28191,234
28192,250
28193,283
28194,274
28195,278
28196,274
28197,290
28198,318
28199,297
28200,222
28201,260
28202,202
28203,210
28204,177
28205,158
28206,165
28207,188
28208,170
28209,186
28210,189
28211,162
28212,222
28213,271
28214,279
28215,286
28216,298
28217,255
28218,251
28219,201
28220,181
28221,144
28222,122
28223,122
28224,137
28225,126
28226,116
28227,113
28228,83
28229,89
28230,98
28231,75
28232,82
28233,75
28234,65
28235,73
28236,55
28237,86
28238,88
28239,73
28240,73
28241,92
28242,90
28243,86
28244,72
28245,91
28246,85
28247,92
28248,67
28249,70
28250,62
28251,63
28252,58
28253,67
28254,60
28255,44
28256,47
28257,54
28258,48
28259,51
28260,52
28261,47
28262,66
28263,51
28264,46
28265,48
28266,58
28267,45
28268,52
28269,42
28270,36
28271,29
28272,42
28273,28
28274,40
28275,38
28276,34
28277,43
28278,28
28279,42
28280,38
28281,36
28282,33
28283,41
28284,50
28285,41
28286,53
28287,38
28288,49
28289,48
28290,54
28291,38
28292,59
28293,55
28294,64
28295,48
28296,70
28297,67
28298,68
28299,61
28300,66
28301,66
28302,61
28303,52
28304,67
28305,60
28306,52
28307,43
28308,55
28309,56
28310,69
28311,90
28312,76
28313,70
28314,92
28315,78
28316,125
28317,113
28318,79
28319,69
28320,90
28321,91
28322,123
28323,130
28324,154
28325,155
28326,144
28327,162
28328,164
28329,155
28330,123
28331,137
28332,95
28333,91
28334,87
28335,78
28336,75
28337,81
28338,76
28339,53
28340,61
28341,58
28342,62
28343,59
28344,57
28345,43
28346,34
28347,39
28348,43
28349,60
28350,49
28351,56
28352,56
28353,58
28354,52
28355,60
28356,71
28357,56
28358,60
28359,55
28360,76
28361,76
28362,68
28363,75
28364,61
28365,80
28366,97
28367,69
28368,66
28369,97
28370,107
28371,88
28372,81
28373,98
28374,101
28375,77
28376,89
28377,84
28378,83
28379,77
28380,85
28381,72
28382,70
28383,85
28384,70
28385,91
28386,102
28387,81
28388,93
28389,97
28390,108
28391,100
28392,114
28393,152
28394,136
28395,138
28396,125
28397,117
28398,96
28399,66
28400,66
28401,76
28402,56
28403,79
28404,54
28405,51
28406,50
28407,65
28408,78
28409,82
28410,74
28411,63
28412,94
28413,111
28414,116
28415,120
28416,155
28417,141
28418,168
28419,174
28420,180
28421,162
28422,202
28423,194
28424,236
28425,208
28426,173
28427,153
28428,154
28429,177
28430,155
28431,153
28432,176
28433,228
28434,195
28435,181
28436,168
28437,186
28438,161
28439,159
28440,172
28441,172
28442,163
28443,180
28444,208
28445,225
28446,233
28447,226
28448,223
28449,203
28450,167
28451,201
28452,191
28453,205
28454,217
28455,216
28456,239
28457,216
28458,172
28459,182
28460,155
28461,154
28462,169
28463,189
28464,193
28465,187
28466,252
28467,211
28468,231
28469,240
28470,245
28471,217
28472,214
28473,194
28474,171
28475,142
28476,149
28477,132
28478,138
28479,118
28480,140
28481,143
28482,166
28483,135
28484,154
28485,180
28486,174
28487,209
28488,227
28489,247
28490,254
28491,227
28492,232
28493,232
28494,190
28495,184
28496,188
28497,201
28498,167
28499,154
28500,153
28501,159
28502,134
28503,112
28504,112
28505,110
28506,90
28507,76
28508,88
28509,121
28510,133
28511,172
28512,213
28513,242
28514,260
28515,260
28516,242
28517,304
28518,245
28519,240
28520,233
28521,182
28522,219
28523,218
28524,232
28525,224
28526,222
28527,203
28528,182
28529,178
28530,180
28531,160
28532,149
28533,120
28534,124
28535,115
28536,143
28537,106
28538,110
28539,95
28540,83
28541,65
28542,85
28543,52
28544,54
28545,49
28546,66
28547,62
28548,54
28549,61
28550,40
28551,31
28552,37
28553,43
28554,46
28555,33
28556,34
28557,39
28558,25
28559,32
28560,36
28561,39
28562,45
28563,39
28564,66
28565,47
28566,54
28567,55
28568,42
28569,52
28570,38
28571,45
28572,54
28573,56
28574,43
28575,54
28576,55
28577,55
28578,54
28579,52
28580,76
28581,75
28582,67
28583,62
28584,55
28585,49
28586,50
28587,58
28588,59
28589,52
28590,42
28591,52
28592,51
28593,55
28594,51
28595,60
28596,78
28597,106
28598,112
28599,138
28600,147
28601,176
28602,160
28603,188
28604,238
28605,236
28606,247
28607,268
28608,250
28609,183
28610,179
28611,164
28612,146
28613,148
28614,128
28615,113
28616,90
28617,111
28618,83
28619,91
28620,93
28621,88
28622,61
28623,68
28624,84
28625,67
28626,59
28627,57
28628,61
28629,69
28630,56
28631,64
28632,60
28633,78
28634,63
28635,52
28636,48
28637,67
28638,60
28639,65
28640,54
28641,61
28642,53
28643,48
28644,59
28645,70
28646,75
28647,85
28648,90
28649,92
28650,107
28651,96
28652,85
28653,69
28654,65
28655,60
28656,79
28657,54
28658,56
28659,63
28660,71
28661,65
28662,58
28663,67
28664,59
28665,53
28666,68
28667,77
28668,77
28669,88
28670,119
28671,116
28672,101
28673,95
28674,72
28675,88
28676,118
28677,119
28678,94
28679,80
28680,79
28681,85
28682,81
28683,79
28684,59
28685,61
28686,84
28687,75
28688,93
28689,87
28690,109
28691,107
28692,100
28693,105
28694,83
28695,101
28696,102
28697,83
28698,75
28699,75
28700,84
28701,102
28702,99
28703,93
28704,116
28705,102
28706,92
28707,88
28708,94
28709,106
28710,78
28711,84
28712,86
28713,109
28714,121
28715,165
28716,195
28717,197
28718,221
28719,206
28720,189
28721,186
28722,202
28723,204
28724,234
28725,229
28726,271
28727,262
28728,246
28729,246
28730,185
28731,196
28732,186
28733,165
28734,145
28735,143
28736,134
28737,138
28738,145
28739,124
28740,106
28741,116
28742,103
28743,126
28744,129
28745,151
28746,157
28747,176
28748,239
28749,302
28750,315
28751,375
28752,318
28753,303
28754,307
28755,247
28756,290
28757,255
28758,239
28759,229
28760,219
28761,232
28762,237
28763,268
28764,298
28765,298
28766,299
28767,268
28768,247
28769,283
28770,218
28771,289
28772,286
28773,258
28774,285
28775,253
28776,232
28777,235
28778,280
28779,241
28780,259
28781,286
28782,345
28783,339
28784,330
28785,312
28786,308
28787,285
28788,326
28789,271
28790,274
28791,256
28792,240
28793,190
28794,182
28795,170
28796,126
28797,151
28798,142
28799,136
28800,153
28801,133
28802,153
28803,152
28804,131
28805,156
28806,153
28807,146
28808,139
28809,124
28810,140
28811,111
28812,101
28813,101
28814,96
28815,101
28816,95
28817,85
28818,105
28819,83
28820,80
28821,80
28822,75
28823,71
28824,81
28825,81
28826,90
28827,92
28828,95
28829,72
28830,74
28831,63
28832,73
28833,80
28834,79
28835,81
28836,89
28837,85
28838,93
28839,102
28840,91
28841,101
28842,112
28843,84
28844,102
28845,78
28846,76
28847,80
28848,70
28849,76
28850,68
28851,56
28852,69
28853,95
28854,77
28855,55
28856,59
28857,81
28858,61
28859,49
28860,77
28861,65
28862,71
28863,60
28864,62
28865,63
28866,80
28867,79
28868,87
28869,67
28870,65
28871,57
28872,53
28873,54
28874,48
28875,44
28876,58
28877,54
28878,41
28879,40
28880,45
28881,41
28882,53
28883,46
28884,67
28885,54
28886,39
28887,46
28888,40
28889,44
28890,43
28891,34
28892,42
28893,59
28894,59
28895,48
28896,55
28897,58
28898,69
28899,71
28900,82
28901,87
28902,97
28903,97
28904,112
28905,114
28906,122
28907,106
28908,88
28909,94
28910,76
28911,79
28912,72
28913,64
28914,74
28915,72
28916,67
28917,71
28918,64
28919,54
28920,67
28921,54
28922,50
28923,62
28924,56
28925,59
28926,67
28927,59
28928,64
28929,64
28930,66
28931,75
28932,64
28933,67
28934,67
28935,53
28936,57
28937,50
28938,61
28939,67
28940,74
28941,74
28942,81
28943,70
28944,52
28945,66
28946,73
28947,90
28948,135
28949,112
28950,143
28951,161
28952,168
28953,176
28954,188
28955,171
28956,168
28957,146
28958,120
28959,132
28960,143
28961,157
28962,161
28963,116
28964,114
28965,100
28966,88
28967,81
28968,91
28969,107
28970,77
28971,76
28972,85
28973,87
28974,82
28975,70
28976,84
28977,70
28978,56
28979,59
28980,60
28981,58
28982,46
28983,71
28984,58
28985,68
28986,67
28987,58
28988,45
28989,55
28990,56
28991,59
28992,69
28993,51
28994,63
28995,79
28996,63
28997,64
28998,65
28999,82
29000,89
29001,85
29002,106
29003,91
29004,80
29005,94
29006,88
29007,113
29008,98
29009,132
29010,132
29011,127
29012,135
29013,137
29014,110
29015,115
29016,146
29017,139
29018,140
29019,129
29020,136
29021,144
29022,155
29023,164
29024,190
29025,202
29026,213
29027,200
29028,236
29029,217
29030,211
29031,183
29032,198
29033,179
29034,149
29035,157
29036,135
29037,120
29038,117
29039,113
29040,144
29041,117
29042,90
29043,106
29044,78
29045,61
29046,57
29047,64
29048,67
29049,75
29050,78
29051,65
29052,79
29053,66
29054,52
29055,53
29056,43
29057,36
29058,43
29059,42
29060,24
29061,47
29062,29
29063,30
29064,41
29065,21
29066,37
29067,36
29068,38
29069,26
29070,30
29071,25
29072,34
29073,35
29074,36
29075,43
29076,50
29077,48
29078,43
29079,43
29080,40
29081,45
29082,37
29083,41
29084,52
29085,71
29086,65
29087,77
29088,75
29089,74
29090,111
29091,133
29092,108
29093,127
29094,111
29095,120
29096,111
29097,98
29098,138
29099,127
29100,119
29101,115
29102,113
29103,119
29104,120
29105,106
29106,108
29107,111
29108,88
29109,105
29110,91
29111,88
29112,88
29113,115
29114,131
29115,156
29116,154
29117,143
29118,158
29119,147
29120,133
29121,99
29122,89
29123,82
29124,72
29125,76
29126,58
29127,45
29128,70
29129,50
29130,55
29131,54
29132,58
29133,63
29134,54
29135,65
29136,50
29137,60
29138,56
29139,74
29140,70
29141,72
29142,71
29143,80
29144,76
29145,64
29146,84
29147,52
29148,46
29149,45
29150,47
29151,38
29152,56
29153,45
29154,39
29155,44
29156,47
29157,38
29158,49
29159,36
29160,48
29161,54
29162,53
29163,69
29164,67
29165,72
29166,65
29167,86
29168,83
29169,81
29170,90
29171,99
29172,75
29173,92
29174,101
29175,82
29176,93
29177,77
29178,79
29179,110
29180,89
29181,90
29182,80
29183,90
29184,96
29185,97
29186,96
29187,86
29188,112
29189,110
29190,134
29191,111
29192,98
29193,114
29194,129
29195,150
29196,150
29197,157
29198,138
29199,124
29200,128
29201,112
29202,123
29203,122
29204,99
29205,117
29206,123
29207,139
29208,110
29209,119
29210,131
29211,112
29212,114
29213,112
29214,97
29215,86
29216,81
29217,85
29218,91
29219,99
29220,96
29221,83
29222,107
29223,104
29224,95
29225,144
29226,161
29227,168
29228,151
29229,133
29230,140
29231,121
29232,129
29233,110
29234,80
29235,92
29236,101
29237,92
29238,86
29239,103
29240,117
29241,108
29242,145
29243,159
29244,158
29245,159
29246,197
29247,195
29248,159
29249,197
29250,169
29251,160
29252,177
29253,191
29254,192
29255,227
29256,215
29257,187
29258,167
29259,153
29260,104
29261,123
29262,99
29263,82
29264,88
29265,53
29266,74
29267,68
29268,80
29269,80
29270,94
29271,81
29272,72
29273,81
29274,80
29275,117
29276,122
29277,122
29278,134
29279,148
29280,140
29281,147
29282,148
29283,174
29284,202
29285,196
29286,204
29287,207
29288,223
29289,185
29290,183
29291,175
29292,165
29293,123
29294,149
29295,133
29296,148
29297,105
29298,106
29299,95
29300,106
29301,86
29302,95
29303,123
29304,155
29305,117
29306,139
29307,150
29308,148
29309,179
29310,187
29311,185
29312,192
29313,220
29314,229
29315,237
29316,254
29317,253
29318,252
29319,263
29320,260
29321,247
29322,263
29323,205
29324,213
29325,232
29326,212
29327,159
29328,184
29329,160
29330,173
29331,122
29332,109
29333,104
29334,114
29335,100
29336,93
29337,75
29338,72
29339,79
29340,58
29341,85
29342,76
29343,73
29344,85
29345,77
29346,72
29347,74
29348,103
29349,72
29350,65
29351,75
29352,50
29353,50
29354,51
29355,52
29356,62
29357,63
29358,57
29359,64
29360,53
29361,66
29362,69
29363,77
29364,86
29365,83
29366,78
29367,100
29368,103
29369,102
29370,116
29371,103
29372,101
29373,92
29374,123
29375,119
29376,130
29377,120
29378,113
29379,139
29380,105
29381,103
29382,79
29383,83
29384,115
29385,106
29386,110
29387,102
29388,113
29389,113
29390,131
29391,142
29392,131
29393,123
29394,112
29395,130
29396,149
29397,123
29398,142
29399,168
29400,135
29401,136
29402,116
29403,109
29404,133
29405,129
29406,107
29407,113
29408,104
29409,87
29410,77
29411,73
29412,67
29413,91
29414,65
29415,61
29416,66
29417,80
29418,70
29419,75
29420,79
29421,62
29422,76
29423,91
29424,78
29425,93
29426,108
29427,111
29428,119
29429,132
29430,165
29431,172
29432,159
29433,174
29434,203
29435,240
29436,237
29437,266
29438,277
29439,322
29440,339
29441,362
29442,368
29443,396
29444,382
29445,344
29446,395
29447,380
29448,356
29449,317
29450,282
29451,232
29452,189
29453,155
29454,147
29455,138
29456,121
29457,100
29458,96
29459,84
29460,94
29461,85
29462,99
29463,71
29464,56
29465,63
29466,42
29467,58
29468,59
29469,55
29470,50
29471,47
29472,51
29473,50
29474,38
29475,45
29476,41
29477,39
29478,36
29479,41
29480,52
29481,49
29482,52
29483,41
29484,61
29485,51
29486,71
29487,63
29488,54
29489,54
29490,47
29491,51
29492,51
29493,55
29494,43
29495,39
29496,41
29497,49
29498,57
29499,52
29500,69
29501,72
29502,76
29503,67
29504,84
29505,111
29506,116
29507,109
29508,115
29509,110
29510,110
29511,99
29512,90
29513,107
29514,81
29515,100
29516,134
29517,135
29518,176
29519,182
29520,196
29521,187
29522,179
29523,188
29524,224
29525,211
29526,195
29527,184
29528,204
29529,187
29530,147
29531,151
29532,117
29533,93
29534,87
29535,75
29536,83
29537,86
29538,69
29539,75
29540,77
29541,69
29542,67
29543,69
29544,83
29545,107
29546,75
29547,74
29548,109
29549,106
29550,105
29551,100
29552,136
29553,178
29554,185
29555,209
29556,221
29557,220
29558,241
29559,220
29560,218
29561,197
29562,219
29563,195
29564,196
29565,142
29566,191
29567,192
29568,158
29569,163
29570,168
29571,146
29572,150
29573,174
29574,168
29575,171
29576,162
29577,155
29578,162
29579,142
29580,153
29581,120
29582,90
29583,85
29584,70
29585,61
29586,76
29587,47
29588,43
29589,46
29590,36
29591,45
29592,37
29593,37
29594,35
29595,36
29596,37
29597,29
29598,39
29599,34
29600,36
29601,38
29602,40
29603,45
29604,45
29605,56
29606,48
29607,41
29608,35
29609,64
29610,39
29611,58
29612,51
29613,56
29614,64
29615,60
29616,68
29617,55
29618,59
29619,63
29620,50
29621,64
29622,59
29623,59
29624,49
29625,55
29626,50
29627,62
29628,52
29629,48
29630,69
29631,43
29632,52
29633,59
29634,54
29635,63
29636,75
29637,71
29638,73
29639,73
29640,59
29641,71
29642,71
29643,61
29644,62
29645,50
29646,64
29647,60
29648,65
29649,75
29650,80
29651,65
29652,68
29653,62
29654,73
29655,77
29656,88
29657,88
29658,73
29659,91
29660,90
29661,89
29662,76
29663,75
29664,71
29665,73
29666,68
29667,89
29668,128
29669,120
29670,124
29671,119
29672,137
29673,133
29674,148
29675,165
29676,164
29677,155
29678,151
29679,139
29680,146
29681,156
29682,122
29683,132
29684,183
29685,194
29686,188
29687,193
29688,175
29689,141
29690,129
29691,102
29692,103
29693,99
29694,102
29695,102
29696,95
29697,109
29698,93
29699,87
29700,83
29701,73
29702,101
29703,94
29704,111
29705,86
29706,76
29707,87
29708,78
29709,83
29710,98
29711,82
29712,107
29713,79
29714,100
29715,49
29716,66
29717,66
29718,51
29719,56
29720,68
29721,51
29722,59
29723,53
29724,67
29725,58
29726,52
29727,62
29728,58
29729,51
29730,46
29731,63
29732,64
29733,63
29734,78
29735,76
29736,61
29737,70
29738,88
29739,81
29740,92
29741,70
29742,80
29743,77
29744,101
29745,79
29746,84
29747,65
29748,85
29749,102
29750,100
29751,99
29752,108
29753,104
29754,114
29755,125
29756,122
29757,104
29758,97
29759,117
29760,127
29761,131
29762,142
29763,134
29764,141
29765,93
29766,104
29767,101
29768,94
29769,100
29770,80
29771,64
29772,64
29773,79
29774,58
29775,61
29776,77
29777,56
29778,70
29779,63
29780,72
29781,78
29782,81
29783,75
29784,77
29785,89
29786,74
29787,81
29788,71
29789,82
29790,62
29791,67
29792,48
29793,84
29794,111
29795,117
29796,145
29797,151
29798,120
29799,86
29800,77
29801,68
29802,62
29803,85
29804,69
29805,58
29806,69
29807,62
29808,58
29809,57
29810,65
29811,44
29812,46
29813,32
29814,50
29815,48
29816,52
29817,47
29818,50
29819,84
29820,76
29821,86
29822,91
29823,108
29824,110
29825,124
29826,116
29827,126
29828,126
29829,87
29830,103
29831,81
29832,76
29833,72
29834,80
29835,90
29836,83
29837,77
29838,91
29839,76
29840,105
29841,80
29842,105
29843,90
29844,83
29845,89
29846,127
29847,112
29848,161
29849,151
29850,171
29851,181
29852,158
29853,183
29854,189
29855,174
29856,159
29857,173
29858,138
29859,152
29860,144
29861,116
29862,136
29863,138
29864,119
29865,94
29866,135
29867,92
29868,114
29869,100
29870,102
29871,104
29872,100
29873,104
29874,89
29875,101
29876,109
29877,92
29878,105
29879,120
29880,108
29881,103
29882,102
29883,96
29884,92
29885,81
29886,74
29887,87
29888,79
29889,78
29890,82
29891,79
29892,77
29893,68
29894,86
29895,61
29896,56
29897,66
29898,47
29899,54
29900,45
29901,44
29902,50
29903,44
29904,50
29905,51
29906,51
29907,51
29908,57
29909,37
29910,77
29911,63
29912,65
29913,79
29914,83
29915,70
29916,81
29917,69
29918,89
29919,78
29920,68
29921,68
29922,55
29923,70
29924,38
29925,71
29926,67
29927,75
29928,70
29929,92
29930,74
29931,83
29932,103
29933,95
29934,104
29935,70
29936,116
29937,110
29938,164
29939,164
29940,162
29941,204
29942,130
29943,130
29944,136
29945,165
29946,160
29947,147
29948,134
29949,144
29950,112
29951,116
29952,119
29953,101
29954,104
29955,121
29956,119
29957,113
29958,112
29959,132
29960,108
29961,118
29962,129
29963,145
29964,130
29965,132
29966,111
29967,120
29968,130
29969,158
29970,180
29971,190
29972,187
29973,219
29974,253
29975,256
29976,289
29977,327
29978,423
29979,505
29980,496
29981,509
29982,550
29983,580
29984,601
29985,532
29986,526
29987,535
29988,407
29989,410
29990,387
29991,406
29992,349
29993,303
29994,256
29995,229
29996,223
29997,201
29998,194
29999,182
30000,159
